0	1
litt	fritt
dagligdagse	flakse
nådde	skodde
blues	kues
tinder	vinner
dag	tordenslag
slottsportal	sal
klinge	tvinge
mynt	tynt
smiler	biler
spare	bare
feiret	seiret
fri	symfoni
bo	sko
med	led
påfugle-hær	millionær
tilje	vilje
narrespill	offerild
gåde	våde
fiskerby	hodebry
stemme	hjemme
forbannet	tent
taler	kvaler
makt	bragt
kjær	dere
barnet	garnet
mange	gange
ut	klut
når	vår
fote	tilmote
blanke	tanke
satte	skratte
sagt	lagt
her	trær
skikk	nikk
mildhet	villhet
brystet	krystet
blå	gå
jeg	nei
sår	rår
gi	nattelosji
lagt	jakt
matadorer	rokkelorer
piker	riker
gull	full
live	give
midnattsstund	englemunn
..	sjø
sommermild	klokkespill
lokker	terneflokker
skillemynt	pynt
tonehav	krav
hjemmet	fremmed
gold	skjold
stade	glade
åpenbart	bevart
trossen	fossen
hårdt	vårt
din	fin
troen	broen
troner	toner
Fluks	instruks
rent	betjent
straks	aks
rett	plett
beger	jeger
sveket	veket
rester	Mester
...	pene
skrattet	rattet
små	grå
henskylle	fylle
plass	palass
ord	flor
forbundet	forvunnet
bruk	sluk
kjær	besvær
drømmen	tømmen
norskhetslære	ære
kunst	gunst
romerinner	slavinner
landet	blandet
sak	tak
stilt	forspilt
du	hu
tro	klo
frem	brem
tvende	tilkjenne
brott	blått
fjell	strålevell
lek	vek
dernede	rede
svant	bandt
smuldre	skuldre
stormet	formet
hvisler	risler
slår	vår
inne	sinne
vet	herlighet
tilbake	make
står	gård
henover	ridder
lyder	fortryder
vindene	sinnene
arm	varm
drives	skrives
kvinnemildhet	villhet
skjegg	vegg
innestengte	betrengte
bod	blod
ny	ly
gården	orden
vet	barmhjertighet
gikk	fabrikk
lun	skogpaulun
sletter	tretter
fjord	mor
minnet	skinnet
øret	sløret
Kinamann	brann
plager	dager
fyrstetiger	intriger
vover	over
trett	beredt
storm	form
der	heder
granitt	tritt
hynde	brynde
fram	ham
tåle	stråle
kjede	askestedet
sosialist	sist
kinn	trinn
bakkehell	strålevell
lik	seg
se	kne
betrede	glede
himmelbåren	kåren
blid	tid
se	kafe
luer	buer
pynt	begynt
svøp	løp
muld	full
eneste	peneste
pust	just
zinken	drinken
land	forstand
levet	krevet
sår	hår
belte	gjeldte
runger	lunger
dom	tom
seil	geil
min	hvin
jernbetong	fasong
strider	tider
fatter	datter
skapelse	etterapelse
inn	blind
det	be
krans	's
omkring	ingenting
vel	trell
ad	blad
dag	brag
eim	Hergisheim
åsen	båsen
kirke	birke
bunn	...
gull	fortrøstningsfull
fester	prester
snekker	rekker
ut	nut
itu	du
høres	snøres
arv	tarv
sommervind	herinn
hedninge-livet	sivet
skall	kall
Cades-Barnea	Judea
opprørstrang	sang
Døper	svøper
vin	svin
tilkness	etsteds
årer	kårer
seilet	feile
bringer	betvinger
meg	jeg
krans	brudekrans
klares	åpenbares
rundtenom	kom
forslår	går
krav	støttestav
av	hav
allegorien	verdien
været	være
blomsterflor	jord
forbedres	fedres
meteorer	matadorer
langt	rankt
tispen	gispen
makter	forakter
fast	øyekast
land	illgjerningsmann
mæle	dvele
hører	rører
få	slå
villvinsranker	tanker
alvorsdyst	bryst
bokstav	lav
krever	bever
spennes	tennes
hans	seierskrans
rygger	skygger
angst	fangst
sprak	trak
svever	krever
13	søvnig-gretten
ødt	født
omkring	ving
smil	mil
befale	tale
nok	fiende-flokk
eser	leser
strender	hender
tinderand	sand
hør	slør
nøye	øye
opphøyes	nøyes
behag	hjertelag
netter	besetter
kristenblod	bo
der	tver
skår	går
broderhånd	bånd
svakt	ammevakt
klegg	vegg
tind	sinn
gåte	måte
vind	stjerneskinn
smerte-stønn	bønn
netter	sletter
hård	kår
berget	verge
dvalen	dalen
på	nå
trellehop	rop
strengen	lensmannsdrengen
land	veie
tuppen	suppen
selge	velge
sang	stang
mann	ørkensand
venneskare	klare
port	gjort
broderkjede	glede
kanal	signal
architraver	haver
rynker	dynker
gløden	døden
fisk	pisk
bakken	snakken
gater	soldater
stemt	gjemt
røde	øde
norden	fjorden
kjøler	føler
ve	skje
venter	skrenter
strender	sender
blikk	prikk
var	bar
gnist	brist
gass	plass
nå	vrå
takt	prakt
millioner	toner
brigger	rigger
glatt	ratt
sølvsardin	fin
rør	slør
bud	brud
dem	frem
bror	stor
bibelsted	ned
vet	salighet
for	bord
kløvet	gatestøvet
murstensgård	skyteskår
satt	Natt
frem	hvem
grønnhet	skjønnhet
nage	klage
ihjel	sjel
borg	sorg
kongetroner	toner
sti	melodi
kvinne	forsvinne
straks	dagligdags
stemme	fornemme
leire	mer
slave	mave
tale	prale
lå	grå
bringer	vinger
hjeller	kvelder
bør	gjør
titt	litt
ben	rullesten
minnerike	like
Rådhusplass	snurrebass
virkelighet	kjærlighet
jeg	seg
tale	tid
fryde	lyde
sammenkrummet	gjesterommet
by	ny
vinden	kinden
berømte	dømte
haft	kraft
nu	hu
sikker	leskedrikker
mer	skjer
blånen	månen
sfære	gudelære
skaft	kraft
Kongestol	sol
svar	har
sti	bergeli
flammen	skammen
braker	skaker
krav	hav
gull	fangehull
kai	Shanghai
selv	Desemberkveld
sunde	grunne
frukt	smukt
husbondsvett	nett
spinn	sinn
gjemmer	glemmer
vred	se
midje	vidje
helt	delt
evighetsordet	bordet
tusen	brusen
du	...
se	armé
ett	trett
la	sa
strider	vrider
havet	gravet
kun	grunn
mild	spill
mastetopp	opp
i	vis-à-vis
kjær	begjær
hjem	fem
gutter	futter
slører	rører
fjell	hell
skatet	matet
gnaver	slaver
indre	lindre
når	formår
lønn	skjønn
binder	minner
dans	fans
ness	gress
sanger-vei	deg
Lofothesten	sydvesten
ve	varieté
beveget	leget
tilsmiler	iler
fugl	jul
syrerslaget	klage
ord	tror
dom	flom
skulder	verdens-bulder
frem	hjem
bunn	munn
skapt	tapt
evne	hevne
dikter	konflikter
hale	eftermale
lurer	murer
vei	jordbærhei
tukt	frukt
saddauseere	fariseere
legg	egg
alterbord	fjord
kun	blund
solen	fiolen
fange	slange
kniv	siv
senket	benket
gjaldt	falt
fane	humane
huer	stuer
vind	skinn
himmelriker	fliker
fare	snare
prakt	dødningdrakt
strender	kjenner
mann	forsann
savner	favner
murstensgård	vår
heder	streder
lån	hån
ætt	spredt
stille	spille
band	and
stille	skille
forskjønner	sønner
sær	her
slør	før
tanke	turneringsskranke
øyet	døyet
vugge	hugge
frukt	produkt
smugg	dugg
krummet	forstummet
makt	akt
gått	brått
Beveget	preget
live	beskrive
verden	forherden
svever	snever
skrog	tog
slutt	stutt
sjele	fjæle
bryn	syn
spott	godt
nær	flammeskjær
stranden	brannen
gikk	musikk
drømme	tømme
mark	bark
drakt	makt
spær	gevær
god	blod
igjen	hen
fatter	skatter
stropp	opp
fordømte	strømte
klynge	tynge
årer	bårer
gang	betvang
svinne	rinne
skjære	være
trua	stua
skranker	planker
kumme	krumme
stønner	drønner
heder	dere
skur	mur
gråt	dåd
kne	bre
flyr	fyr
ned	arnested
god	mod
glimt	skimt
dit	marmorhvit
rigger	ligger
bryster	kyster
muld	fangehull
blaff	traff
slag	vederlag
omfavnet	navnet
blod	flod
bøye	øye
..	farvel
heggen	veggen
sfærer	bærer
forkynt	mynt
makt	underlagt
sjø	ø
flu	nu
der	her
strimer	timer
sukket	lukket
har	far
tangen	sangen
graven	dødninghaven
takten	makten
skritt	fritt
is	vis
inne	spinne
lyse	lykke
om	helligdom
senket	lenket
vind	inn
Nei	jeg
gruen	stuen
ry	sky
menneskevrimlen	himlen
tørst	først
vold	skjold
rike	like
lo	to
gikk	avskjedsblikk
god	bero
underveis	gneis
dag	lag
side	efemeride
skapermann	kan
laste	filisterkaste
drakten	trakten
klippedale	vinterdvale
Judea	Cæsarea
vet	samvittighet
morderstål	mål
ruten	skuten
selger	velger
stråler	tåler
snille	lille
lo	slo
gådemakt	lagt
spore	store
veteran	Ku-Klux-Klan
ingenting	sving
verre	herre
støvet	bedøvet
eget	preget
partiet	viet
smilehull	tryllerull
nederlag	slag
Wergelands-rid	tid
der	er
benker	tenke
sjele	dele
nok	gudeflokk
overende	ende
driver	skiver
blott	vått
kveld	vel
øre	høre
sardin	vin
besøk	strøk
befrier	draperier
slår	år
rær	vær
hæl	sjel
grotter	slotter
stengsel	lengsel
riket	like
da	ta
folkevett	slett
morgenstunden	bjørkelunden
struper	gruper
ekspeditrisen	prisen
her	klær
eie	opveie
fire	lire
lest	pest
toner	forsoner
vender	hender
pust	rust
ned	derved
dal	Baal
fornektere	ektere
gry	fly
skjelver	hvelver
avsted	sæd
arbeidervin	violin
tiggerskare	bevare
Reine	tegne
bart	klart
sabbatsro	regnbubro
skingrer	slingrer
rest	hest
se	tre
bær	er
bøye	hundeskinns-trøye
frem	menneskehjem
stimulanser	sanser
vaner	aner
kår	får
snor	jord
våpengny	by
grua	trua
plikt	slikt
standart	åpenbart
kvinnelist	forvisst
strakt	sagt
hjem	brem
kom	som
bolig	urolig
enda	fra
vraker	lekesaker
bedrift	gift
flyter	skyter
prent	moment
sår	år
slitt	tritt
brudehuset	suste
da	fra
dvale	sale
fart	hardt
blinker	vinker
rov	grov
trekker	strekker
mukk	smukk
oppe	toppe
smil	fil
av	rav
velde	elde
hansker	dansker
blikk	nikk
dragen	skarlagen
stram	dram
grei	vei
redes	stedes
vender	sender
slite	lite
hest	fest
lys	tilbys
tilbake	lysestake
Urias	snurrebass
gjennomstinge	ringe
blod	forstod
flukt	slukt
totenslæger	askebeger
skje	armé
vendt	fryktbespent
elling	melding
vann	Helgeland
dyst	kyst
bevet	krevet
slå	gå
seire	beleire
fot	sot
brøde	øde
stenet	forenet
tavleskrifter	drifter
land	Kinamann
panne	strande
parykker	småstadsnykker
rår	vår
lav	gav
dam	lam
trede	glede
guder	huder
grav	trav
jord	bord
bånd	fonn
sprang	vang
melodi	gi
lyde	byde
leid	sei
finner	skinner
bevet	levet
små	stå
vånder	ånder
uorden	gården
skrud	hud
sår	forstår
nevner	revner
ve	Se
tvinge	bringe
mildt	vilt
regnebrett	plett
luer	druer
sommerfest	pest
vill	renkespill
frank	bank
hverandre	vandre
skygge	himmelbrygge
gru	nu
smertesdrag	nag
ned	gret
drømmespinn	vind
han	kan
id	tid
snøft	klippekløft
skjule	gule
hor	mor
sank	rank
ved	med
kammer	jammer
kilometer	hemmeligheter
flammer	kammer
sis	Paris
røk	strøk
evner	stevner
tegn	tilregn
kor	jord
sankthans	santkehans
hav	...
toner	anemoner
violer	soler
meg	jordbærhei
vei	deg
skikke	drikke
med	smed
styver	flyver
sett	ett
svømmer	strømmer
blest	manifest
skrik	svik
gang	lang
forlatt	natt
velde	felle
fund	pund
menneskehender	kjenner
bys	gys
møtesal	hospital
hammerslag	dag
perle-smykke	lykke
istykker	nykker
by	bly
ting	engleving
forstår	år
speil	seil
høye	fortøye
tømte	drømte
klemme	stemme
fare	bare
grisk	fisk
forsvant	bandt
kinner	slavinner
havner	ravner
kjernesunn	folke-grunn
lav	trav
kaller	haller
dikte	likte
mandig	ubestandig
kost	frost
saker	draker
skade	lade
bris	is
regn	egn
gutt	slutt
runde	munne
smilehull	gull
grener	sener
vang	tvang
navn	savn
viset	solparadiset
sammen	amen
fortetter	metter
gress	tilkness
fryser	kyser
kummer	rummer
Eden	forneden
behag	slag
tørn	Ørn
vrede	hernede
rykter	frykter
tilbake	lake
spent	moment
morer	sporer
drømmespinn	måneskinn
dammen	kjerteflammen
morgen	skåren
flyr	myr
flomme	omme
skjebne	væpne
gård	går
hildes	forvilles
visst	brist
strakt	drakt
drømmer	strømmer
sti	forbi
gru	ihu
en	uskyldsren
gjerdet	skjæret
sval	kval
Gondvanaland	...
gjerne	fjerne
vare	snare
askebeger	teger
vel	gjeld
dem	rem
bråner	måner
trell	selv
kilde	bilde
folder	volder
brister	lister
ord	bor
muregård	år
lik	vik
dag	bygdelag
gjest	gledesfest
duften	luften
forsømt	drømt
gudeborgen	morgen
Nevada	Granada
lave	gudegave
mann	vann
mild	ild
rad	bad
favner	havner
flor	Tor
skjenke	lenke
kjekkhet	frekkhet
bunn	grunn
stønning	dønning
sone	krone
sagakyst	bryst
drager	avskjedsklager
vest	pest
frender	bekjenner
rabben	nabben
tull	full
hele	stjele
sant	tant
blomsterduften	gateluften
kneler	mæler
lind	blind
sprekke	vekke
kjell	fjell
omkring	ring
faner	ahner
hær	fosforskjær
kjøt	fløt
pryd	lyd
skrik	rik
benkes	krenkes
tøys	tilkøys
kår	slår
proklamerer	regjerer
dommersprog	dog
selv	elv
santkehans	dans
si	forbi
tro	gro
pynt	mynt
fjell	veld
tuba	Kuba
pistil	ild
trær	begjær
drømme	dømme
sukket	dukket
før	tørr
bunn	blund
Paradis	vis
varer	menneskeskarer
forknytt	nytt
ekstase	rase
bøter	møter
striper	piper
offerprest	nest
stikk	blikk
spann	brann
flytter	bytter
utvalgte	kalte
Voilá	ha
forsiktig	riktig
grav	derav
beverte	lærte
vrimmel	himmel
protester	mer
ny	aveny
verk	merk
ål	sommermål
takt	pakt
akt	herskermakt
blott	slott
frisk	sirkuspisk
tvende	brenne
inn	marsaftenvind
flyr	eventyr
stjernenetter	sletter
nevne	evne
står	forgår
føde	grøde
dyst	lyst
brenne	hende
ringer	vinger
stolt	koldt
reise-følge	dølge
leire	ser
lyver	flyver
blikke	ikke
bud	gud
makt	nordlys-prakt
narrefest	hest
baut	skaut
due	true
forbannet	blandet
overflod	mod
fryd	syd
gutter	kutter
søvnig-gretten	skvetten
menes	forenes
brist	frist
tilbakelagt	overmakt
tolk	bolk
dekker	rekker
nede	rede
befaler	kvaler
smertensstønn	bønn
tilfreds	broderkrets
is	Moskvais
fjellet	bakkehellet
evighetsverker	bjerker
skam	dram
sæd	sted
nær	enhver
regn	hegn
små	slå
spark	mark
dale	svale
kåret	såret
véen	sneen
røvet	øvet
Ola	sola
ektefeller	heller
tolket	folket
tåket	åket
timen	stor-sei-stimen
kongespir	blir
steder	seder
på	lyseblå
skjær	begjær
trikken	trafikken
hus	vingesus
skulder	hulder
kreves	forgjeves
slå	vrå
drøy	høy
gallopader	laurbærblader
nemme	hjemme
under	lykkestunder
sprøyt	fløyt
sage	drage
liten	viten
lekeplasser	vasser
kyst	alvorsdyst
meteorer	morer
luke	sommeruke
sang	tvang
masten	lasten
krenket	lenket
Ølversønn	drønn
makter	trakter
hildet	forvillet
ånd	blond
dårefakter	kontrakter
brenne	tilkjenne
bølgetopper	knopper
bare	svare
dalet	malet
sund	grunn
sjøen	øen
bringen	ringen
kilde	milde
land	bann
sletten	Hermonjetten
fjord	ror
ravn	favn
glad	vidunderbad
land	vann
blomstersneen	breen
fare	kristenskare
furustammer	bølgekammer
Nasaret	lett
satte	fatte
hu	ennu
svenne	ende
klinge	bringe
skrei	leid
gjort	bort
himmel	klippestrimmel
sverd	menskeverd
ting	sving
lede	glede
tukter	lukter
pris	ris
våren	morgen
ord	bebor
kun	menneskemunn
trette	sette
sammenheng	eng
hunde	kunne
på	vrå
favne	havne
dikt	slikt
guddomsmakt	lagt
lett	rett
skjønn	brønn
suveréen	mén
gud	brud
norskhetslære	være
tind	vind
notetegn	toneregn
metropol	sol
draft	kraft
fjell	vell
skatter	latter
strømmen	himmeldrømmen
fisker	pisker
formå	slå
makter	betrakter
der	trær
dansende	kransende
har	skar
Gyrisvoll	Koll
arbeidsnever	lever
vi	de
tempelhall	tall
mareritt	fritt
klippegrunn	lund
spor	jord
luet	kuet
lemmer	stemmer
blod	mod
rad	kvad
naturen	luren
vilde	silde
spett	rett
øm	strøm
ed	led
tale	daler
merkestang	gang
stamme	lamme
hud	narreskrud
sorg	kongeborg
benkes	senkes
talt	alt
stenkoloss	oss
kamelen	sjelen
spenning	kjenning
bølger	følger
visst	tilsist
lykter	flykter
Kal	kval
temmes	fremmes
larm	arm
folkerang	klang
stimulanser	lanser
venninne	blinde
partisaner	faner
omkring	Ting
ut	sprut
byll	skyld
venn	send
mange	fange
lut	sut
mindre	indre
strømme	tømme
lunde	blunde
nei	vei
nord	sjungekor
flere	dere
bær	trær
skatte	fatte
kall	hall
fanfarer	skarer
blade	glade
skam	lam
frem	fem
smykket	trykket
nesten	vesten
klemt	bestemt
nytte	flytte
bo	gro
tilforn	tårn
rene	stene
vendt	hendt
hjernen	kjernen
platå	så
årtusen	susen
titt	blidt
vare	bare
neier	feier
blikke	drikke
gis	vis
kun	bunn
forsvunnen	grunnen
vest	blest
topp	knopp
sang	underklang
fjær	skjær
sus	brus
leie	veie
melodi	knusleri
vill	sild
stene	ene
pinsedag	elvedrag
naturen	figuren
kanhende	avvende
feiler	beiler
spare'n	faren
..	dog
vilde	spille
fantasier	melodier
kveld	karusell
rett	kledt
akrobaten	gaten
tide	vide
iserygger	skygger
flyr	knyr
hevnet	levnet
lysning	gysning
samme	ramme
bygger	skygger
sanger	Hardanger
mesterverker	minnesmerker
hær	enhver
leilighet	deilighet
sorg	Ingeborg
sagt	pakt
vorden	orden
snare	mare
farveller	heller
skrud	Gud
ru	flu
svever	kjever
kjent	spent
sang	vang
vel	fjell
lest	vest
ned	sved
drammer	jammer
tant	rant
ætt	rett
stål	dvergemål
sprang	klang
ve	spe
på	forstå
kun	munn
glass	parnass
helst	frelst
fugle	ugle
marmorrene	bautastene
tårer	dårer
blåtøyssøm	drøm
mahognibeis	oljesveis
selv	hvelv
dalen	lundesalen
frelserverk	sterk
dom	bom
kår	går
perleport	gjort
hilder	bilder
regn	tegn
land	hvordan
Nudetre	Se
faste	filisterkaste
skred	med
forskrekker	rekker
honnør	før
makt	svakt
stimer	timer
sinn	blind
rede	lede
dødes	fødes
jubelklang	sang
ly	gny
dage	hage
fellesskap	tap
underverker	merker
rinne	egen
forordning	befordring
strekke	vekke
svant	pant
rundt	grunt
tiden	den
tilmode	hode
tømte	rømte
kildested	med
rumme	skumme
glemme	temme
podet	hodet
tant	grant
blomstertrær	der
gjemmer	fremmer
lem	..
ut	bølgesprut
rov	lov
dvalen	pralen
krav	ormegrav
jubler	grubler
høyner	øyner
plagg	flagg
hugg	pugg
klør	før
røre	gjøre
vekten	slekten
makten	frihets-pakten
's	santkehans
kobberfjes	yes
dress	gress
Dahl	høyfjells-sal
lend	igjen
smykke	Niirenbergerstykke
krans	sans
trinn	sinn
om	som
fril	forbi
hverdagslam	skam
fadeser	leser
lange	gange
drikk	nikk
blott	rått
blott	smått
gjerde	ferde
lemmer	gjemmer
slavemoral	Baal
svanedrakt	trakt
dernord	jord
il	mil
neste	fleste
forsvares	åpenbares
brenner	kjenner
barnelugger	vugger
kulde	mulde
Bliv	liv
slåpetornstrand	forstand
gro	to
stans	fans
hver	besvær
forstemt	glemt
slott	gått
tynger	klynger
utsletter	retter
øre	røre
snore	store
flyr	gryr
fortæret	næret
forøden	døden
årer	sårer
natur	kultur
Voilá	bra
ulmet	nattemulmet
stred	led
forpester	prester
det	tre
fødes	rører
Røst	trøst
ringe	betvinge
ikke	drikke
plass	morass
full	kull
sand	perlerand
is	forlis
bølgespill	ørkenild
kamerater	gater
planer	vaner
dag	sommerdag
diskuterer	Nasareer
runger	tunger
baner	faner
sildring	hildring
sider	skrider
spreder	leder
jord	flor
verge	berge
vest	prest
trille	stille
vever	bever
gjemt	bestemt
skyer	fornyer
stort	kan
bister	kopister
gårn	vårn
rogn	sogn
lider	pris
norsk	torsk
kjøkkentrappen	tjærepappen
drøye	øye
gave	havet
søylerader	nomader
tak	nag
..	hendt
gjærer	pærer
kølleslag	bedrag
sanger	pranger
sol	kongestol
hurra	sa
blå	derpå
hjem	klem
luer	skuer
igår	skyteskår
henger	enger
nok	flokk
død	skjød
blender	tenner
kjære	ære
sildestimen	solgull-timen
nød	skjød
tente	vente
nord	jord
gleder	heder
vise	lise
ny	morgengry
kalle	skalle
atten	natten
ned	sne
skare	mare
luften	blomsterduften
flyte	bryte
blod	sjelebod
psalter	alter
marmortrinn	sinn
sympati	trylleri
ny	stjernegry
fekter	fornekter
breder	reder
kamerat	hat
veien	lakeien
hjemme	gjemme
dyp	menneskekryp
love	skove-
orden	hjorden
dager	oldingplager
korsfest	fest
friske	fiske
stråleveld	fjell
kåret	dåret
nøye	høye
konkylie	familie
parat	hat
sturen	turen
lange	trange
beger	neger
vis	ris
Amen	sammen
rammer	dammer
tvinne	binne
elveseng	eng
varme	forbarme
sammen	rammen
skalle	falle
praten	maten
påferde	lærde
figuren	luren
døde	øde
stønner	bønner
siden	viden
fellen	kvelden
himmelblått	forstått
tunge	runge
stål	bål
fakter	betrakter
gjaldt	kalt
beger	teger
strenger	enger
sår	vår
geni	fri
stund	sund
disk	fisk
vende	henne
skjenke	tenke
stort	port
hente	vente
dører	hører
bolig	fortrolig
smal	sal
bedrøvet	prøvet
hever	lever
svar	skar
ørn	tjørn
is	ris
døper	svøper
tilbake	hake
fanger	folke-sanger
stjerneland	kan
tegn	grein
gang	stang
spøker	bøker
prakt	lagt
stranden	pannen
larm	harm
bange	mange
hedenold	fold
ago	grå
lyse	alders-smykke
forbannet	landet
griper	striper
våken	månelyståken
spredte	lette
joller	toller
stilles	skilles
bruse	suse
bol	sol
hatter	bratte
fjorder	borer
hjerner	verner
derinne	blinde
inne	kvinne
slaget	jaget
nøttene	røttene
lier	melodier
nøye	øyet
glipper	slipper
inn	sinn
plaget	jaget
ved	fred
vovet	lovet
tale	bale
bevet	skrevet
hviner	maskiner
vang	klang
fri	forbi
stimulanser	danser
klager	dager
art	rart
venter	kontinenter
våt	båt
fiolin	fin
tilstede	glede
aldersgrå	vrå
skatte	erstatte
knekket	paddekvekket
svarer	drikkevarer
blodet	sloet
ætt	spett
munne	grunne
skog	drog
venneskare	bare
lønn	bønn
stoppe	oppe
spor	bord
planter	kanter
prøves	øves
nede	brede
stimulanser	bekranser
tent	vendt
bøye	møye
hus	brus
kildevell	fjell
hjemme	glemme
svært	kjært
syner	lyner
letter	setter
bar	snar
glans	tornekrans
satt	fat
bred	se
sang	bladehang
lett	sett
snøen	øen
liste	kiste
sky	solskinnsfly
krever	snever
strider	skrider
tak	strak
rund	munn
havet	begavet
henges	slenges
hylning	unnskyldning
annen	ødelanden
jettedyst	lyst
forbi	li
små	få
raver	gaver
makt	prakt
spor	hvor
il	tvil
betvinger	svinger
slenges	flenges
slette	dette
svermeri	dere
vekter	forfekter
makt	prestedrakt
lyser	kyser
sanket	banket
viker	sviker
fadeser	bleser
lokomotiv	liv
tale	sale
smilte	snilte
folk	ene
forsiktig	viktig
sant	bandt
flammer	rammer
bør	rosenglør
syrin	vin
bolig	trolig
pist	trist
frekk	eventyrhekk
fornemmer	menneskestemmer
byrde	myrde
grått	blott
sover	over
røre	høre
sport'n	Skjorten
velde	fjelle
fler	ser
bever	snever
disputten	visergutten
ut	slut
tørken	dørken
hodeskalle	skalle
rike	fliker
sødme	rødme
Jesabell	Fortell
frykt	trygt
titt	ritt
døde	bløde
selv	fjell
ly	gledesgny
dager	jager
fornuft	luft
slogene	skogene
klinger	ringer
blunder	vidunder
pral	kval
tonerekke	vekke
kanin	din
vell	hell
beskrive	rive
nåde	måde
fanger	uhellsvanger
tangen	forbudstvangen
natt	skratt
bud	presteskrud
vande	strande
fjanter	spanter
favner	navner
steiler	negler
svøper	løper
oss	sol-stråle-foss
én	anker
ny	våbengny
varetekt	slekt
da	bra
kveld	småmakrell
omsider	tider
klinger	englevinger
trakt	lagt
årer	tårer
brummer	summer
side	skride
muregård	vår
har	rar
individer	glider
ren	sen
rønner	sønner
klart	svart
grunn	morgenstund
hit	hvit
fri	stri
gjest	prest
marøyesand	land
sabel	kabel
strand	sand
kjempe-kull	gull
favner	ravner
klippemuren	luren
rokkelorer	sporer
portal	dal
opp	kopp
behendig	nødvendig
kviste	siste
neger	jeger
si	fri
hever	vever
grøden	døden
bøye	høye
sang	gullplateklang
renholdsverk	sterk
butikk	blikk
stort	bort
fyre	Dyre
var	knar
glass	plass
bedra	sa
drift	gift
høst	røst
Bern	jern
året	låret
byder	lyder
alter	gestalter
svinger	vinger
lande	panne
moden	bisp-synoden
tanke	redningsplanke
tom	rom
Nåde	råde
ro	strålebro
jeg	deg
vandrer	forandrer
mine	pine
gavn	favn
skjønn	grønn
var	snar
forgyller	mylder
vinge	bringe
vred	fred
pryd	fryd
sprøyter	fløyter
kant	iblandt
får	foregiår
trell	fortell
jorden	fjorden
brande	tande
bror	mor
Thule	gule
gikk	klikk
vunnet	funnet
larm	alarm
bratt	natt
morass	palass
lo	bro
stiger	kriger
morgen-røden	døden
beskjed	sted
bukter	frukter
blinket	vinket
snakk	pakk
hjorden	horden
bor	stor
sanser	lanser
glipper	skipper
grovt	loft
tant	bandt
lande	blande
gemakker	jakker
gror	Tor
ham	lam
antikrister	bister
evne	revne
farer	skarer
gikk	blikk
krans	måneglans
komme	omme
forslår	står
mot	fot
fot	helsebot
kjøp	bøsseløp
fjernet	vernet
skje	kne
hans	tornekrans
bror	kor
støter	stevnemøte
fant	spant
smykke	trykke
kai	hai
store	gjorde
armer	karmer
brød	skjød
vinden	herskerinnen
kysten	dysten
velter	smelter
tar	snar
heier	veier
kobberskjold	fold
tegnet	regnet
tilbake	vrake
ifjor	bord
kobberskjold	hedenold
ødegård	potteskår
snau	sau
mot	birkerot
leves	forgjeves
slår	formår
endt	hendt
freder	kveder
danser	bekranser
fetter	netter
fyller	tryller
forglemmer	bestemmer
tog	slog
spill	ild
sturen	guttenaturen
inn	aftenvind
netter	setter
vill	dertil
podet	blodet
spiller	stiller
luen	stuen
spredte	tilrette
planer	graner
krukke	sukke
gjemt	klemt
ild	vil
drift	skrift
trangt	rankt
ære	åndehære
skammet	flammet
smil	tvil
jøde	dåreføde
skjegg	legg
feste	beste
offerdyr	gryr
hytte	beskytte
isbrekulden	mulden
grunne	hunde
formår	år
pund	morgenstund
daler	saler
slagen	dagen
pokaler	befaler
skatter	katter
kulde	skulle
arken	marken
satte	bratte
kar	far
strålekast	hast
skal	tempelhall
kjente	vente
nord	bord
koret	kirkebordet
gudinne	derinne
varlig	farlig
moder	broder
mandolin	arbeidervin
vann	sand
Danebrog	sprog
den	hen
austenvær	trær
besinne	minne
tilmåler	stråler
grunder	under
stund	lund
hus	elvesus
port	fort
slukter	bukter
i	vane-gjengeri
diamanter	amaranter
gru	blu
frekk	dekk
gestalt	falt
mandolin	vin
alfesang	lang
kold	vold
følge	dølge
bæra	væra
glar	klar
sky	morgengry
blader	kaskader
ul	jul
gny	by
rikmannslott	fått
intriger	kriger
forgå	forstå
drømmespinn	skinn
formår	forstår
takt	makt
fast	brast
tenkt	stengt
hav	gav
hår	gård
drag	lag
vunnet	forsvunnet
list	Krist
var	underbar
kilde	bildet
sanser	panser
harmoni	kogleri
vorden	horden
fred	sed
skille	spille
fylles	skylles
gnist	tilsist
spark	hark
bryter	gyter
ham	hundeglam
gavn	kongenavn
makt	kontrakt
skjøt	brøt
bære	gjære
hård	gård
tyrepanne	bande
majestet	sølvtrompet
bølgebraket	vraket
pinne	skinnet
flukt	produkt
side	vide
støy	ridetøy-
sen	sten
offerlund	munn
selv	forfengelighet
ren	en
dyp	kjempepolyp
for	ord
rad	strålebad
glugg	dugg
fjell	perlemorsskjell
ny	ry
..	ord
egne	betegne
ild	flammespill
minne	vinde
spillet	seiersgildet
garn	barn
Sillejord	mor
kast	kvast
finne	blinde
kveld	skjell
rad	hovedstad
ski	si
krystaller	haller
gjemt	glemt
krasst	fast
myrdet	fullbyrdet
vegg	egg
betvinger	ringer
love	vove
blind	trinn
Co.	sko
bokstaver	haver
ildstråleflor	jord
kvinner	finner
gnis	bris
brede	Dernede
prakt	skjønnhetsdrakt
strømte	drømte
verge	bjerge
inn	pålandsvind
neier	meier
saltarell	kveld
jorden	torden
frekk	trekk
råd	nidingsdåd
sne	moské
vinge	tvinge
gode	klode
lysorkan	aeroplan
appetitten	den
land	han
skåler	stråler
hav	trav
mæle	hedningesjele
funnet	runnet
fiske-vær	her
gjemme	glemme
kold	fold
benkes	skjenkes
tro	blod
stred	sted
kryster	ryster
fingre	skingre
drømmespinn	inn
orm	form
metter	sletter
kveger	tryllebeger
oppstanden	himmelranden
torden	Norden
bundet	rundet
sikkert	kikkert
engang	sang
himmel	svimmel
forsvinner	finner
enke	tenke
grått	spott
strand	bølgehære
bindes	vinnes
ranker	venn
alene	scene
gror	stor
blått	kott
frem	em
beskjemmer	fremmer
senkt	ubetenkt
rund	grunn
tempel	eksempel
seir	leir
plukkes	slukkes
hvileplett	trett
grus	brus
drakt	herskermakt
ett	spredt
ramme	stamme
triller	spiller
fred	sved
rabatter	datter
reke	bleke
det	bre
bange	stange
vind	kinn
kaprifol	sol
kryster	kyster
av	gav
tyranni	fri
forlatt	skratt
syd	spyd
havner	navner
splitter	flitter
stener	mener
drømmer	strålestrømmer
ett	silhouett
innunder	vidunder
igjen	svenn
murer	furer
venn	den
vestenvind	skinn
løve	røve
derinn	sinn
velde	melde
forsagt	svakt
stade	blade
lyn	bryn
befester	prester
bange	sange
stemme	temme
moderskjød	glød
mammonkult	alvorsfullt
makt	sagt
talte	malte
braser	raser
svenn	menn
synger	gynger
gleder	kjeder
borge	Norge
ringe	svinge
veven	beven
kalt	falt
vinterkveld	fjell
dikt	plikt
bjørn	Ørn
spreder	heder
makt	avrustningspakt
grav	lav
spott	blått
tent	sendt
det	sovekupé
ryker	fyker
tør	dør
dyst	bryst
tårer	sårer
brutt	lutt
stand	tyribrann
kåret	båret
bred	med
åndehære	være
kirkebakker	lakker
staur	maur
ren	sten
smil	pil
bu	flu
si	vi
tak	svak
lem	brem
glad	stad
er	hær
bringer	klinger
jord	bor
suser	huser
strenge	lenge
foruten	skuten
glemmer	gremmer
kun	rund
hesten	vesten
rest	manifest
av	trav
lyn	syn
Gondwanaland	sand
fange	gange
slåss	stenkoloss
venn	menn
hand	bånd
bar	klar
tinder	rinner
stemplet	templet
time	stime
vingeslag	dag
slakt	jakt
kvak	brak
møtt	rødt
dårefakter	akter
kaller	raller
visp	risp
lokk	flokk
kviste	friste
flammemunn	ørkenbunn
øer	sjøer
sanser	danser
forræder	streder
sundt	glunt
le	vé
glid	tid
ragg	flagg
hugg	dugg
granitt	Krit
jordskjelvsrysten	kysten
ravneunger	runger
frem	klem
tidevann	sand
gjeste	hester
fornektere	forfektere
sanser	bekranser
øst	høst
iblandt	sant
lenge	lærepenge
strammer	hammer
ingen	øyelågsvingen
idag	slag
får	år
kanhende	tilende
fortæring	næring
skjær	solgangsvær
tinder	skinner
lom	om
kirkedøren	førenn
greide	Heide
klynge	synge
stell	selv
smiler	hviler
siden	undertiden
karmen	solevarmen
ende	elende
seng	heiagjeng
det	kne
kjemper	demper
at	natt
fossen	åssen
litt	hvitt
atter	barne-latter
gynger	blomsterklynger
ring	sving
lo	tro
mere	flere
strid	bit
makt	ringeakt
stillhet	mildhet
reis	underveis
ørke	mørke
mystikk	blikk
galder	slyngelalder
famler	samler
Ene	tjene
børn	fiskeørn
sommermild	ild
hegg	måkeegg
røre	snøre
lyne	trynet
på	så
til	morraspill
gla	bra
sand	rand
luker	sluker
været	besværet
knapp	trapp
hans	glans
planter	diamanter
ennu	fedrenehu
leber	feber
natt	skatt
fingrer	klingrer
blir	gir
bror	overbord
skrekk	dekk
eier	feier
visner	gjennomisner
svar	oksepar
glemte	temte
sko	to
bygg	trygg
knekket	dekket
huser	sluser
lever	bever
forbi	knusleri
bordet	ordet
redselsstedet	ledet
deri	kogleri
folke-bunnen	funnen
brenne	sende
gater	forlater
finger	ringer
engang	klang
spottet	slottet
beskjed	ved
skygge	hygge
Aten	sten
glemmer	demmer
rammer	stammer
klynge	dynge
elv	hvelv
brist	kvist
dvergfurutopp	opp
kom	flom
egne	vegne
lett	ett
vil	harpespill
fyrsteslott	brått
mann	strand
var	klar
ei	kirkeveg
strå	gå
retning	fletning
dempe	kjempe
bie	tie
trell	Israel
krans	vanns
fat	hat
tak	bak
freser	hveser
dag	hjertelag
tape	skape
id	nattetid
tenker	lenker
skje	se
setning	gjetning
tanget	fanget
menn	spenn
bacchanal	Baal
blånen	himmelblånen
stille	ville
forutsagt	tilbakelagt
skrall	hall
matte	fatte
av	Middelhav
kontor	offisers-bror
ser	ter
hun	munn
når	får
dør	humør
makt	lagt
fryd	spyd
svolk	folk
kjær	enhver
geled	sved
besvær	vær
galder	sammenfalder
vin	violin
rabatter	skatter
krans	fans
trette	tilrette
betvinger	vinger
totenslæger	teger
glans	bølgedans
strand	stand
stive	knive
svirefest	offerprest
tenner	hender
sen	mén
synet	brynet
lykke	stykke
stranden	sanden
vende	ende
sammenfalder	slyngelalder
tages	beklages
tinder	hinder
arme	forbarme
vinger	tvinger
kjenning	brenning
havet	kavet
fløytespill	til
jord	bebor
vett	Nasaret
finne	sinne
skyggen	hesteryggen
liljebånd	hånd
forene	tjene
brottet	eventyrslottet
skral	Baal
kyster	silkebryster
meget	eget
forløse	øse
hel	sjel
er	morgenskjær
branne	panne
meg	deg
bryter	skyter
praler	taler
bris	vis
tror	bord
munn	morgenstund
selv	strålevell
lette	slette
bare	snare
synet	hav-brynet
stranden	annen
tenner	sender
vind	spinn
bue	stue
vinken	klinken
gjør	dør
China	lina
krus	brus
Pan	Glahn
lå	strå
ringe	vinge
natt	ratt
opp	kropp
allikevel	fjell
rett	slett
sunn	grunn
dale	løvehale
rader	fader
dage	jage
sjelevrimlen	himlen
fjerne	stjerne
grov	kov
strand	Kristiansand
dikt	rikt
hine	Regine
stigen	gigen
vrå	stå
få	råd
toner	legioner
strand	tann
rinner	minner
ås	hås
by	sky
gategutt	krutt
hender	sender
dit	hvit
bunden	stunden
bringer	tvinger
hast	fast
svek	vek
kue	bue
kre	tre
lange	fange
strenge	forvrenge
gang	vang
sprang	hang
lyden	Syden
flammer	hammer
tåpen	våpen
puddelhund	klippegrunn
brenner	vender
fanger	sanger
kvisten	kisten
strever	krever
vår	går
ned	hvilested
friste	niste
13	pletten
hage	klage
leve	streve
best	mest
brøt	glød
ro	adelsblod
godt	vått
trykker	parykker
vover	sover
hvile	pile
grep	rep
nøler	føler
kvist	forvisst
åpenbares	bevares
strålekast	fast
naturen	kuren
venten	Orienten
piggtrådkratt	skvatt
lande	sande
vite	bite
kor	bord
verden	ferden
goder	floder
rundtenom	tom
indre	tindrer
grein	kampestein
bot	flod
stranden	hinannen
glor	bord
baste	laste
god	bo
vikingery	by
sær	Kariskjær
bris	paradis
rast	skjendtselslast
land	strand
ro	to
frukte	brukte
stund	Staupersund
stund	grunn
rester	mester
drager	klager
knea	a
len	sten
tidde	vidde
henter	venter
tåker	våker
strid	splid
skum	rom
underkraft	saft
hel	gjel
svenne	kjenne
sted	fjed
ile	hvile
for	nord
skrål	bål
sukk	mukk
barm	harm
fred	sæd
gru	ennu
sekunder	stunder
gråt	flyvebåt
dyr	gryr
hende	fullende
bestenkt	slengt
myrdet	bebyrdet
sør	dør
kjente	brente
nord	flor
kamp	stamp
grått	forstått
bedrifter	skifter
panser	lanser
vippe	klippe
jord	hernord
det	ved
spares	bevares
slumret	skumret
iver	driver
Januarsynet	brynet
sted	med
flis	årevis
idag	behag
ren	mén
streng	eng
øy	møy
blærer	pærer
Teruel	selv
nær	irisskjær
Sanktehans	krans
komme	fromme
stykker	nykker
forstøtt	født
mon	ånd
sympati	gli
harme	arme
finger	betvinger
santkehans	brudekrans
tegn	egn
savnet	omfavnet
ringes	tvinges
opp	topp
ord	stor
svenne	hende
vender	venner
hverandre	forandre
kvinne	minne
pastoral	kval
arv	marv
svang	kjempe-sang
se	med
evighet	ed
blomstergrener	stener
dvergeflokk	klippeblokk
gjemmes	glemmes
solskinns-dag	slag
beger	totenslæger
behag	jag
skritt	mitt
krystall	hall
sank	blank
befrier	tier
parti	fri
død	stød
velte	smelte
stinger	vinger
former	stormer
Moabit	skritt
avrustningspakt	ødelagt
gru	enno
blender	strender
verk	berserk
hestehover	sover
feste	neste
beltet	veltet
sagt	trakt
kryster	bryster
bruden	buden
spares	forsvares
prat	soldat
le	sne
vann	Kristiansand
stønn	drønn
buer	kuer
kyst	belyst
fare	skare
råd	mannedåd
lese	nese
lytte	bytte
morgenskove	sove
sist	kyst
visjoner	spioner
skarn	barn
bunn	rund
inn	tind
sletter	setter
kjøpmannsferd	her
kyser	gyser
poteter	hemmeligheter
behag	nag
land	Johan
fare	broderskare
blomsterbed	fred
gjerdet	være
vugget	dugget
mø	dø
rokkelorer	porer
sist	Jovisst
fred	ed
øst	pøst
sne	tre
best	manifest
for	skor
formilde	ville
leie	pleie
forlatt	skatt
gnist	forvisst
nær	fjær
sløve	prøve
lekkerbisk	alvorsfisk
stykker	trykker
lemmer	fornemmer
sagn	agn
vegge	egge
pral	Baal
dra	gjenoppta
pest	hest
tingen	vingen
finger	vinger
skjenket	senket
hånd	evighetsbånd
hei	lei
støttestav	av
ny	fly
øyne	fløyne
hjerte	...
bøyet	døyet
offerlund	solmorgenstund
sted	skred
kjempegirlandre	vandre
stans	santkehans
rager	drager
nu	du
kalver	salver
forpakter	kontrakter
brent	tent
topp	hopp
prakt	pakt
bed	stred
odden	skodden
vasaller	haller
støy	øy
fjellesti	merci
danser	lanser
igjen	venn
sner	ler
svinner	sover
bringen	Storebingen
døv	støv
lemmer	fremmer
radiotrakt	sagt
river	iver
løve	prøve
fødeegn	hegn
bønner	lønner
lien	stien
sunne	grunne
ly	by
politikk	skikk
gjøre	høre
rabbiner	hviner
ild	klokkespill
mursteinsrøys	tilkøys
fall	hal
deg	seg
skikk	fikk
nær	hær
omkring	sving
kirkedalen	lundesalen
bi	fri
slekt	centnervekt
opprørstrang	igang
knatten	skatten
bader	fader
skritt	hvitt
vinne	forsvinne
vandre	andre
kart	hardt
grille	spille
spreder	streder
her	begjær
ørk	mørk
lande	sanne
tegn	hegn
kjærlighed	med
ly	sky
taljer	medaljer
Sanktehans	dans
lover	over
åpenbarer	snarer
luer	tuer
tigger	ligger
skygge	betrygge
rid	nid
himmelblått	vått
eggen	veggen
hule	fugle
slagen	betagen
lavine	sine
gnis	is
lengsel	trengsel
pleie	veie
fri	vi
sanger	ganger
dødningferden	verden
manerer	sjenerer
drag	idag
aftenskjær	der
sparet	forklaret
gang	bladehang
kropp	knopp
morgen-sky	gry
tordenskrall	hall
ny	gry
sant	pant
slakte	bragte
ve	sne
parodier	tier
ben	gren
forsmår	hår
higen	krigen
bukt	brukt
blå	så
jakter	fakter
ild	til
ære	være
koloss	oss
svaler	taler
strømme	rømme
geseller	bordeller
flater	prater
vekt	jekt
teser	hveser
dødningkiste	siste
brus	tankesus
ting	spring
vill	vil
på	også
tuft	luft
være	besnære
rette	gjette
bakker	hakker
skikk	forgikk
lov	behov
slave	have
harmoni	deri
blå	små
skaver	raver
stod	overflod
bris	Moskvais
fro	ro
ener	tjener
skride	vide
gjøk	strøk
var	tar
vidder	ridder
blund	munn
smiler	iler
minne	søndenvinde
navn	havn
tog	sprog
sprekk	trekk
inn	søndenvind
røres	høres
ikveld	selv
svever	hever
fryder	lyder
bølger	dølger
tronen	Kronen
navn	ravn
kommen	dommen
dårer	kårer
sider	individer
jaget	taget
nord	tror
prammer	seildugshammer
grå	nå
tid	splid
regne	egne
Borgen	morgen
skatter	datter
granitt	kreditt
proklamerer	manerer
Tor	ord
bar	knar
må	skjå
sti	verdi
drag	dag
lend	en
brutt	minutt
plass	pass
jammer	stammer
arbeide	veide
er	vær
sminket	hinket
skjer	ler
dukkehus	bølgebrus
Antiokia	fra
skje	med
breder	leder
frender	hender
dag	slag
prise	lise
gaver	slaver
kilde	silde
tyst	bryst
trelle	felle
klager	fager
ros	los
møye	øye
hammer	rammer
våres	imorges
glemme	stemme
bundet	svunnet
vekke	dekke
mann	spann
havet	begravet
ætt	plett
ham	dram
asp	hasp
Storekult	fullt
brus	rus
hegn	klippeegn
munner	grunne
gleder	betreder
oktoberdag	åndedrag
fortæret	besværet
parti	gi
sjelesår	år
snøfter	løfter
ramme	Amen
Hjorten	rapporten
vente	spente
på	å
troner	æoner
brutt	slutt
mus	brus
fremmedland	han
brent	instrument
kjøp	løp
sti	sympati
pinsefest	gjest
blå	lå
bred	fred
alter	pjalter
hit	lit
parti	Lie
bot	rot
protokoll	vold
panser	danser
murstensgård	igår
rette	trette
strengeklang	sang
gynge	synge
buret	furet
ved	arnested
årer	lårer
natten	den
fremtidssti	forbi
Kviste	niste
dregg	vegg
fengselsmur	tortur
mor	jord
hytte	makt
lo	evighetsro
panser	bekranser
kjør	dør
stanser	skanser
blundet	begrunnet
prent	endevendt
splitter	gitter
favnet	sønnenavnet
sner	mer
frukter	fukter
døden	nøden
når	går
se	vinter-sne
søyleganger	sanger
søtt	født
mot	rot
svære	være
synger	blomsterklynger
forblive	give
grenser	renser
om	flom
gryte	gyte
forvisst	frist
nær	svær
vær	her
gaver	haver
lik	rik
antikrister	frihetsrigorister
forgapelse	etterapelse
dyr	fyr
aftenrøde	døde
øren	døren
harpeleker	streker
levet	revet
mæle	knele
brøde	døde
verdt	kjært
lansespiss	Akropolis
klode	hode
reisebøker	kuppel-løker
alle	falle
kar	rar
ord	ombord
tider	glider
står	hår
mann	rand
skaver	graver
lukket	slukket
tryllebundet	rundet
får	vår
satt	natt
alene	tjene
stedet	fredet
blåner	håner
tue	bue
jetter	sletter
gategutt	skutt
strider	lider
det	rett
vaner	baner
ung	tung
hyrder	byrder
vinne	inne
haver	staver
rovdyrtenner	sender
våte	gåte
tomme	omme
skavler	kravler
kvesse	folke-esse
beskjed	med
kloden	floden
stygg	mygg
seiersbud	Gud
tål	stål
fordrevet	levet
himmelstigen	higen
tinder	forsvinner
tolk	folk
barmen	armen
oppbyggelse	betryggelse
mirakler	tabernakler
gitter	flitter
skjegg	egg
Kariskjæret	været
bispestav	hav
santen	kanten
naturen	klippemuren
bitter	flitter
vakt	svakt
slår	går
Kråken	våken
lyne	synet
forstøte	møte
vove	sove
frender	kjenner
stranden	himmelranden
nordvest	blest
viden	striden
trenge	sprenge
mann	brann
klippemuren	figuren
oven	loven
venn	hen
morer	porer
våt	gråt
blåst	frost
ringe	klinge
ømme	drømme
kjært	nært
sang	klang
bispen	gispen
lyver	klyver
sverdet	forferdet
er	hjertenskjær
fyller	mylder
morer	rokkelorer
lenger	stenger
hendt	spent
filler	spiller
spott	slått
dag	velbehag
lemmer	glemmer
bønn	søstersønn
næring	gjæring
signal	kval
latter	datter
bøye	øyet
sakse	flakse
terminer	piner
skanse	lanse
fariseer	Galileer
gater	flater
stund	englemunn
fjord	jord
hestekjøtt	født
slott	stjerneblått
grus	sus
stevnet	jevnet
ruger	duger
dvelen	sjelen
skrent	betendt
i	forbi
beskuer	druer
våker	åker
støy	ridetøy
sterk	berserk
slags	laks
lunder	under
festet	gjestet
vakt	bragt
bliv	liv
seierslønn	bønn
skjuler	huler
spent	endevendt
forening	mening
slike	like
vannet	blandet
måneland	halvmånestrand
mester	prester
kirkestevne	evne
fjell	østenvindskveld
på	skrå
bør	brudeslør
tror	beror
dvale	gale
stund	pund
stund	...
gror	...
liv	tidsfordriv
tærne	trærne
kinner	jettekvinner
tanget	klippehanget
blå	ago
sky	fly
skritt	tidt
granne	kanne
sviktet	siktet
behage	plage
strupe	supe
blod	no
befaling	forhaling
flukt	smukt
favner	gavner
ekspeditrisen	grisen
vånde	ånde
fremme	glemme
jøss	bøss
eventyrer	myrer
sanne	strande
grunn	tanke-grunn
skjønt	eviggrønt
officer	ser
makt	frakt
kaster	laster
sken	sten
spøk	besøk
grått	godt
bedraget	daget
øyne	løgne
verd	menneskeferd
mindre	lindre
kjøre	gjøre
evighetsrøden	døden
nå	stå
navn	favn
skarlagen	pinsedagen
ei	veg
ofte	hofte
klaret	forvaret
side	blide
flaket	braket
beveges	preges
sne	idé
skrent	vendt
oppsvinge	ringe
dumt	stumt
rense	ense
morgenrøde	døde
grisen	visen
død	glød
kingelvevet	vevet
land	rand
bærer	tærer
herhen	trolldomsmenn
ler	ser
il	pil
nød	glød
annen	mannen
klamme	lamme
lider	vis
kvitt	kivitt
tam	bram
sne	...
står	banesår
gold	fold
lindret	tindret
stemme	fremme
dekk	trekk
ferdig	rettferdig
ører	fører
Litli-litli-lu	nu
vest	rest
sider	glider
blod	ro
røk	forsøk
guttenaturen	turen
fjord	tempelkor
skam	bram
klinger	betvinger
kveld	toneveld
harpen	Sarpen
buer	truer
fjottet	slottet
kontoret	koret
visst	Krist
høye	barneøye
lider	tider
kommando-ord	ombord
løvsalstrær	er
ranker	skranker
gudegave	have
laks	straks
spare	bevare
akt	belagt
bakke	skakke
gru	hu
forglemt	bestemt
brutt	sønderskutt
sti	gi
pløyer	føyer
kryp	gatedyp
is	dis
land	brann
klædebon	hånd
leid	Rei
jeg	vuggemei
nu	slu
vrede	glede
sky	gry
sommernetter	silhuetter
lønn	brønn
pileregn	hegn
sivet	verdenslivet
lander	strander
dyp	kryp
henges	vrenges
kamerat	mat
rede	brede
spår	kår
beherskero	jo
fred	hvilested
drepte	slepte
sekretariatet	ansvarsflate
blond	sånn
kvinne	synderinne
i	si
hosebånd	ånd
alle	kallet
januar	spar
fjelle	elde
nord	bor
dem	hjem
rand	brand
lys	gys
hildes	forspilles
dele	hele
stred	med
myr	dyr
det	med
leber	kleber
forbi	vis-à-vis
livet	sivet
kring	ting
dø	bø
dukkes	slukkes
graven	staven
ryster	kyster
gror	spor
gøyeblikk	gikk
beder	leder
sekunder	under
viker	riker
bok	tok
bli	forbi
månen	himmelblånen
stekket	paddekvekket
eierett	plett
hegg	legg
død	lød
klynke	synke
hvisken	brisken
plass	kvass
greneglitret	gitret
bøte	møte
nød	lød
vandaler	saler
fant	kant
Petterdikt	likt
øve	prøve
renker	lenker
latiner	ruiner
kjenner	hender
blidt	hvitt
kråsen	måsen
ber	mer
kjerring-hurven	fiskekurven
gjel	sjel
13	skvetten
trett	kledt
vekt	slekt
på	grå
Blomsterterrassen	plassen
brant	rant
allevegne	egne
øyne	forfløyne
stamme	flamme
ting	måkeving
klinger	vinger
forfører	gjører
bris	ris
synger	forynger
strengespill	dertil
blikk	fikk
forhale	sale
kongress	etsteds
stund	munn
kulde	gullet
slåss	oss
kar	skulderblar
lider	sider
gater	plater
smykke	tykke
merse	verset
titt	fritt
legge	egge
dale	dvale
tanker	sanker
ren	pen
snøre	føre
stor	mor
båret	skåret
væring	besværing
skue	bue
arm	barm
hestelorten	porten
sukk	smukk
lenge	trenge
kom	tom
land	slavestand
ned	strålefjed
aber	araber
snor	tror
skiller	griller
pletten	ætten
huldreslått	godt
viser	beviser
bror	jord
dikter	svikter
hedret	fornedret
stråtak-hytte	flytte
svinner	minner
lever	krever
suser	bruser
torv	orv
vred	lever
bedrager	klager
ny	flammesky
pakket	takket
skremmer	glemmer
vokter	dekokter
tonerekke	strekke
manifest	protest
munnen	bunnen
daler	kvaler
lenges	sprenges
mange	sange
fall	kall
tide	stride
tjæren	fjæren
slitt	granitt
hunger	lunger
båten	gråten
tak	flak
frelsesarméen	sneen
furutopp	opp
ilder	pupiller
antikrister	minister
glans	stans
kårer	sårer
skvadronerer	proberer
tolk	smalgangsfolk
sprøyter	brøyter
vindusglass	palass
brenner	frender
ironier	tier
kviste	riste
egg	bjelkevegg
snei	seg
rister	rødegardister
brann	rand
due	lue
halen	pralen
nær	vær
sekker	rekker
stund	ørkenbunn
sand	kan
sort	bort
spiller	griller
nå	slå
svinner	vinner
grand	fedreland
fornøye	høye
blikk	forgikk
tingen	øyelågsvingen
godt	blått
rebell	trell
kun	sekund
savn	favn
juletider	rider
stridt	hvitt
fine	mine
derpå	gå
parat	soldat
knekket	gjekket
krusekopp	flaskepropp
står	år
små	strå
armt	varmt
dessverre	færre
kor	tror
meteorer	sporer
let	plett
kvinner	minner
ferdselsårer	kårer
drøm	svøm
bunnen	...
tredve	bredved
nord	ord
klør	gjør
arbeidsbi	stri
himmelblått	mørkegrått
Korint	labyrint
sne	kne
svar	spar
kjerringgrin	violin
asyl	hyl
stiller	griller
glipen	ripen
vente	jente
blå	slå
gråstensgrav	hav
Krim	grim
Lethe	hete
lenger	trenger
fjed	hvilested
soner	sølvertoner
ei	vei
klokker	flokker
fort	bort
skaperverk	sterk
samme	skamme
rammet	lammet
runde	spunne
finnes	bindes
befrierverk	sterk
Eisenfresser	eksesser
tanker	skranker
smalt	falt
temme	demme
ut	brutt
miner	disipliner
såvidt	midt
forandring	vandring
vakt	belagt
retning	setning
stund	hjertegrunn
melodier	draperier
tuer	truer
makt	pakt
rinner	hinder
glugger	dugger
gjest	rest
sand	ørkenland
trede	rede
bur	mur
lyder	yder
kår	rår
flammer	stammer
krigerbytte	beskytte
beskytter	rytter
vike	rike
ære	lære
forener	fortjener
gløde	strid
flate	gate
strå	ljå
luner	runer
helvedånd	bånd
Bentsebro	bo
ventet	hentet
måneglødt-søyler	tøyler
inn	skinn
rennestenstøsen	løsen
idag	åndedrag
leire	seire
ben	sen
dødt	rødt
sammesteds	tilknes
sekretariatet	late
sankthans	dans
på	små
kinn	sinn
Redselsslagen	dagen
veier	neier
skritt	granitt
vel	hell
lek	steg
grenser	enser
skade	blade
flukt	bukt
nå	må
skjær	oppstandelsesskjær
strand	vann
formene	ene
bordet	gjorde
hernede	tilstede
grave	stave
døden	hungersnøden
gul	rickshawhjul
dagen	klagen
despotiet	kompaniet
sekk	vekk
måde	våde
bedrifter	skrifter
veg	hei
ute	rute
forgylle	fylle
makt	ammevakt
dvalen	halen
farer	snarer
naturen	uren
tort	kort
stø	sjø
frister	lister
blomsterflor	ord
mat	hat
bro	bo
sand	brann
en	hven
hjerner	kjerner
lyte	bryte
nåde	gåde
brønn	grønn
blå	må
line	sine
gleden	leden
hjerne	stjerne
skifter	skrifter
mett	trett
tone	forsone
hannen	pannen
lå	plartå
sved	led
stiger	viger
trøst	høst
vektere	ektere
fart	svart
stråler	måler
dage	drage
hugg	smugg
besatt	natt
kryp	kjempepolyp
sover	...
knuste	bruste
fortapelse	etterapelse
kiv	viv
potteskår	hår
fiolen	kjolen
hud	gud
tett	trett
ideal	Baal
staken	laken
gled	sæd
litani	forbi
vagger	stagger
skjærer	bærer
skyr	gryr
lett	minarett
skrekk	trekk
tæring	gjæring
gren	ren
lær	er
klar	åpenbar
roser	loser
skum	Sunium
toppen	knoppen
kvinnen	herskerinnen
minner	skinner
vannet	annet
glans	blomsterkrans
malm	psalm
vugger	hugger
kjærlighets-favn	savn
styggen	skyggen
besverge	verge
spunnet	forsvunnet
snur	mur
mer	ler
sympati	kogleri
vannet	landet
gull	kull
steamer	timer
vite	sønderslite
hor	jord
lerke	merke
dag	ansiktsdrag
gleder	breder
kam	lam
betalt	brutalt
ja	sa
viet	tiet
broderkjeden	herneden
spenning	brenning
blomstergrunn	lund
stengel	engel
inn	grind
brød	lød
krans	santkehans
bære	land
føde	øde
mann	fedreland
under	stunder
snare	skare
spinn	skinn
sikker	skikker
ringe	opsvinge
tilbake	smake
herned	fred
skyld	jule-idyll
klippevegg	...
spår	slår
vover	utover
bro	ro
styver	lyver
spikkes	stikkes
klokker	tar
sveder	eder
nordvesten	resten
kjære	være
prat	mat
mager	drager
kamp	svamp
slaget	ridderslaget
knekket	stekket
overalt	falt
hernede	glede
sett	trett
bruk	duk
vei	hei
sti	knusleri
slår	får
hvisker	frisker
skikk	fabrikk
tak	trilleslag
fjorden	skogen
englevakt	overmakt
frem	gjem
kvinne	sinne
mæle	hæler
trelle	fjelle
tanke	banke
far	skar
Bø	sjø
blade	vårkaskade
tent	kjent
skrud	brud
finne	kvinne
lett	slett
Sovjet	ett
hvilegren	prøvesten
inn	måneskinn
plage	forårsdage
ærend	fjæren
kvide	vide
le	det
her	lillaskjær
fatter	bratte
melodi	trylleri
urtidsdyst	bryst
frister	gnister
bukter	fukter
fri	li
brekkes	knekkes
glad	bad
klar	har
mer	ner
brenne	tenne
glad	rad
avet	havet
øre	helstøvle-føre
best	pest
stranden	selvannen
skafott	fått
smil	hvil
vill	til
blomsterflor	hernord
bered	sæd
vende	kjenne
gjør	før
forpakter	akter
geni	i
bølger	forfølger
tone	krone
blande	panne
hellet	fjellet
trikk	gikk
møtt	født
rognebærtreet	kneet
tidlig	i
muld	kull
sommer	blommer
rør	dør
jettevelde	fjelle
ben	en
forfektere	ektere
farvel	vell
strømmer	tømmer
var	har
ord	spor
komme	domme
vet	virkelighet
tilrette	dette
matte	forlatte
gror	fjord
ur	lur
vanger	sanger
Hell	kveld
trolig	rolig
dragen	pinsedagen
kar	tsar
ham	bram
lurer	furer
puddelhund	lund
kun	elvebunn
krans	hans
vann	stand
jord	stor
hall	bølgefall
sjenerer	regjerer
stakler	tabernakler
ly	morgen-gry
stund	blund
Wales	sjels
minne	forsvinne
nær	der
grisen	prisen
Norden	fjorden
vanvidsnatt	skvatt
ved	sne
taket	braket
stål	gledesbål
avsted	med
slott	betrådt
slavekår	år
felt	Belt
side	pyramide
spør	gjør
slanger	ganger
luet	truet
gassbeholder	volder
sorgen	søndagsmorgen
dynd	synd
riker	beriker
nåde	sådde
fordrevet	skrevet
glemme	klemme
kampestenstue	lue
farer	sparer
prakt	beskytte
skriker	diker
ramme	tamme
ocean	aeroplan
slå	stå
ski	fri
forgikk	nikk
hånd	sånn
lend	den
åpenbaring	forklaring
flott	rått
flott	smått
himmelluer	skuer
kassen	klassen
sikter	konflikter
sterk	plankeverk
fødes	gjødes
når	slår
øret	høre
stjerner	lanterner
fylle	hylle
varen	faren
blå	grå
ord	för
røde	døde
hater	gater
vanke	turneringsskranke
død	bød
vær	skjær
ve	kne
hindre	lindre
blomsterskatt	natt
skader	fader
spannet	landet
dyrke	styrke
drøm	øm
jubellyd	pryd
sør	før
ivare	snare
snører	rører
svenn	venn
narrefest	blest
drages	jages
ranke	turneringsskranke
lønn	drønn
offerild	til
pletten	søvnig-gretten
vé	se
gatesprekk	vekk
laster	master
hær	her
mannshøyt	vannsprøyt
himmellyst	jomfrubryst
FAR	annet
krampe	tramper
dernede	glede
feller	heller
rett	trett
nådd	lodd
drag	høysommerdag
derpå	forstå
krans	glans
skrall	stall
instinkt	ringt
land	hedersmann
bitter	gitter
forsoner	fortoner
moter	noter
håp	dåp
hår	år
senkes	krenkes
ber	ser
salt	alt
penn	menn
FAR	landet
ditt	milevidt
iler	biler
Ho	lo
ditt	litt
streikebryter	nyter
saler	galer
besvart	bart
brenner	lender
arv	skarv
ørkenild	til
jøkel-brann	fiske-leie
lend	menn
på	stå
gjøde	bløde
hård	år
klør	direktør
venter	jenter
tinder	kvinner
fortidsstat	kamerat
riddingsverk	berserk
fabrikk	republikk
glede	askestedet
evner	revner
knekke	rekke
høye	øye
satt	hatt
daler	himmelsaler
dom	Rom
sammen	gammen
ladestedsrevyer	mannaskyer
lempet	kjempet
selv	hell
tonetrang	sang
knuse	huse
bister	frihetsrigorister
ord	mor
skår	hår
glans	Hans
levende	bevende
strid	flid
avsted	bed
lyng	syng
stans	krans
mørke	tørke
takke	ære
fjære	være
melket	kalket
fiolin	hvin
brudekrans	fans
solskinsdag	bag
engang	rang
Hull	kull
trøst	forløst
ben	sten
furet	skuret
skaffer	paragrafer
hår	forstår
døden	seiersgløden
tro	bo
snor	ord
stort	sort
neser	fadeser
målet	strålet
derinn	lampeskinn
hjernespinn	sinn
Graven	dødninghaven
fare	bevare
brygger	bygger
tårer	gårder
synet	himmel-brynet
antipoder	hoder
glass	blomsterflass
sang	igang
flom	Rom
ei	jeg
myndighet	sikkerhet
fot	stod
slik	fugleskrik
føden	døden
beskytter	hytter
gang	sang
åpen	våpen
dem	fem
prakt	forakt
fløy	høy
dø	brød
klerk	messeserk
knuser	suser
salen	dalen
beder	heder
fred	stred
kvast	fast
dugger	vugger
brutt	forskutt
om	tom
krukke	slukke
det	se
tider	kvider
fang	klang
Menneskesønn	bønn
faller	kaller
meg	hei
by	morgengry
krav	skyttergrav
stanger	fanger
kanter	amaranter
trønder-heder	seder
Ibsen	gipsen
mett	ætt
aftenvei	deg
frister	brister
fare	barneskare
forgår	vår
sak	svak
mursteinsrøys	tøys
gnist	list
herskerinne	sinne
ranker	planker
skyer	byer
grunner	blunner
svant	sant
trøtt	fløtt
blott	flott
vugget	rugget
frekt	slekt
hammer	fosforkammer
varme	arme
bakker	attakker
bier	tier
mildt	spilt
hesteryggen	styggen
kinner	minner
bakker	flakker
dalen	pralen
bli	fri
kor	ord
leget	kveget
tale	løvehale
billedvev	foreskrev
blid	strid
liene	stiene
begjærer	tærer
hånd	ledebånd
mester	befester
hest	blest
lege	kvege
slag	åndedrag
stå	så
vorden	hjorden
Hovedøen	sjøen
tro	ro
maner	baner
lange	mange
sva	herfra
hedre	fedre
Mester	gjester
strømmende	drømmende
's	dans
arbeidsbi	fri
skjule	hule
våpengny	ry
annen	randen
hvilte	smilte
sus	mus
lenges	stenges
grein	bein
avgrunnsdyp	sneglekryp
ett	rett
drikke	slikke
tiggerkår	år
klamrer	jamrer
skritt	litt
veg	kontrafei
svermer	nærmer
side	stride
blomstervang	hang
slit	hvit
tyre	Dyre
grått	slott
bøyer	fartøyer
binder	svinner
ramme	adelsstamme
kårne	tårne
gren	edelsten
skum	dum
bundet	begrunnet
i	bølgeaktig
ni	i
lenger	sprenger
kant	grant
rammer	jammer
diamant	fant
strid	id
forlatt	godnatt
små	gå
Nicaragua	bra
skrekk	vekk
vannet	sandet
bytte	skytte
smutter	attributter
pest	manifest
ned	bred
likefrem	hjem
såre	tåre
sanger-vår	står
le	tre
blakken	bakken
stakler	fakler
sang	Nang
rest	forårsfest
knuser	huser
med	herved
støvet	prøvet
sjele	hele
ihjel	del
fellet	pave-veldet
styver	klyver
gommen	lommen
sendt	spent
vann	forstand
bjørk	mørk
vil	dertil
gift	skrift
drage	klage
sekretariatet	klassehatet
nå	hu
strandpromenaden	tigerstaden
ek	vek
aske	maske
bysser	krysser
en	sten
eder	streder
x'er	lekser
ski	gi
krigerstad	strengerad
vinterhi	forbi
laser	spaser
vinden	forinnen
stans	sankthans
Washington	ånd
resten	...
bar	far
long	fasong
mann	kan
viser	priser
svoren	sporden
besøkte	søkte
normer	former
sover	rinner
kitt	furuhvitt
fatt	matt
bestemor	jord
mange	søylegange
broder	fiskeboder
distrikt	slikt
hevnet	folkestevnet
på	slå
hannen	mannen
blikk	juleskikk
dag	åndedrag
sår	skogen
glemte	stemte
hjertelag	tordenslag
tonetrang	klang
salighet	herlighet
lå	på
venn	enn
vill	flammespill
ja	a
sak	bak
svinge	klinge
vanke	tanke
kveld	sprell
seterbua	kommerkua
miner	triner
kort	bort
rørte	førte
enger	gatedrenger
mitt	stridt
omkull	gull
forårshimmel	vrimmel
sjel	del
derved	sted
flammer	bølgekammer
synd	nynn
ører	rører
kant	vant
tro	to
ramme	lamme
Bleik	reik
ruiner	hviner
traden	leden
gru	du
resten	arresten
historiedønn	sønn
berøre	høre
ender	hender
sæl	trell
gode	hode
finnes	minnes
sang	hang
lender	hender
svinner	rinner
stat	hat
stjerne	kjerne
sprell	ikveld
hatter	fatter
prise	bevise
brød	bød
kamerat	stat
rognekjæret	Kariskjæret
gang	klang
stort	gjort
gjaldt	alt
står	vår
sangere	gangere
gynger	slynger
tro	regnbu-bro
sommer	flommer
vrede	bede
ned	led
Elias	Messias
satt	vinter-natt
rad	ad
arbeide	feide
hus	ørnebrus
låt	båt
ud	Gud
bratt	sommernatt
nasjonalteater	tinnsoldater
Brød	lød
treller	forteller
svikter	konflikter
skjemt	slemt
samme	flamme
land	stort
rette	sette
trekk	vekk
svinner	skinner
hud	brud
kinner	barneminner
klasser	masser
drømte	dømte
tross	slåss
reneste	peneste
tæret	næret
fiskermann	kan
sette	gjette
stod	glo
flyr	utferdseventyr
rottrevle-fingre	slingre
Teruel	ikveld
forklaret	besvaret
lender	sender
ned	kjærlighet
kjær	svær
blundet	bundet
skjønt	grønt
glemt	bestemt
bøtes	omstøtes
i	vi
vegen	Oskoreien
stønn	sønn
evne	stevne
bjelkestuen	gruen
neser	leser
snegler	negler
hende	tilkjenne
tanker	planker
famler	ramler
gjære	være
gry	by
stranden	randen
hytte	flytte
senker	lenker
møy	regnbueøy
sletten	ætten
tider	rider
gamle	samle
ord	fjord
bru	hu
tjene	tolk
tilgode	hode
brak	vrak
lyse	gyse
var	far
selv	sommerkveld
stå	blå
grov	lov
dans	krans
skåner	blåner
latter	rabatter
ranke	vanke
trommer	dommer
ve	tre
klør	slør
kolibri-snakk	frakk
fatt	natt
munner	grunner
beduinerhorder	hjorder
ly	morgengry
fordrevet	blevet
vest	fest
låret	håret
ulv	gulv
rike	svike
land	motormann
rettes	settes
massegrav	hav
lerkeslag	dag
skrud	gud
lei	snei
bo	ro
gjeste	feste
bolle	leketøyjolle
hjertekrå	gå
grave	gudegave
fart	art
brudekrans	farvesans
fant	iblant
glad	hva
trappe	kappe
tå	grå
besatt	forlatt
liv	siv
blu	hu
debatter	latter
aftenrøden	gløden
maske	vaske
sår	går
er	her
land	kan
pærer	kimærer
lå	gå
øst	trøst
hud	embedsskrud
tegnet	beregnet
gett	svett
stillehavspassat	mat
kilder	bilder
bed	sted
oppunder	stunder
skarlagen	dagen
broderrett	slett
innesperre	herre
tukt	produkt
dreper	sleper
svømmer	tømmer
kraften	forsøtes
godt	slått
Lise	spise
pinjer	linjer
lande	vanne
sans	måneglans
strev	adelsbrev
vé	galgetre
fant	svant
miste	visste
vet	evighet
salme	palme
kneiser	reiser
merke	sterke
lært	svært
panne	barnesanne
veld	selv
svær	her
bileskaft	kraft
kummerfull	gull
glad	Nicaragua
galileer	Fariseer
standart	klart
hjerteluer	truer
igår	går
ned	vred
vred	ed
syd	lyd
solgangsild	til
stinker	vinker
gren	sten
omkring	spring
skyld	idyll
krig	uavlatelig
holdt	Bolt
finger	klinger
trællekvinne	rinne
natur	tur
jorden	Norden
gløde	døde
frykte	rykte
bundet	stundet
blottet	Blindebrottet
venn	følgesvenn
telefon	situasjon
forslår	forstår
fantasier	bier
pinner	finner
temme	klemme
lede	brede
grå	forgå
feil	speil
bygge	rygge
ferden	forherden
vet	kjærlighet
svelg	helg
ifra	blad
sverd	herd
vinne	finne
list	visst
lenger	henger
drømmer	tømmer
svang	sang
skosen	posen
troner	kroner
klart	snart
én	mén
søtt	bløtt
ben	ren
menskerøsten	høsten
fletter	metter
færing	næring
når	står
bygge	trygge
mere	feriere
odde	skodde
skjær	der
Hør	gjør
seiler	negler
slag	jag
kjære	bære
finne	noensinne
sitt	mitt
begynner	skynder
syk	myk
prest	fest
nord	blomsterflor
bravader	lader
lufter	dufter
berguhyre	Dyre
blest	protest
sang	tang
bo	to
Elias	Jeremias
kom	om
måker	tåker
grått	gått
embedsskrud	Gud
bedrev	syndebrev
kast	fast
bli	vi
stod	legerot
skrik	slik
heien	Oskoreien
huser	bruser
steg	seg
Evighøye	øye
Seimsberserker	slagsmålsmerker
min	blind
lyn	drømmesyn
forgår	år
larmen	barmen
i	stri
Harmen	barmen
mast	kast
jetter	setter
svak	brak
pigger	ligger
Skjønn	morgenbønn
tjønn	brønn
gjest	Nordvest
tæring	næring
Baal	ritual
blod	bro
rundt	forundt
flukt	frukt
smukt	lukt
avsted	ned
folkevrimlen	himlen
ombord	spor
karakter	ser
hånd	ånd
hesten	nesten
faller	haller
svinner	spinner
klinger	gjennomstinger
fellesskap	bombedrap
venter	instrumenter
bukken	drukken
sympati	deri
taremadrass	plass
trengselskår	år
deri	fri
én	ren
itu	nu
svor	hvor
flukt	tukt
stund	bunn
rest	pest
svanebryst	lyst
storbyvrimlen	himlen
dekke	frekke
forgå	bestå
glans	dans
snaren	faren
sild	til
brøt	bløt
stryker	nyker
klokke-lyd	stråle-fryd
stad	had
lyde	tyde
forgå	stå
ly	våbengny
ro	sko
milde	spille
massen	plassen
mareritt	hvitt
rosenglør	før
kongedømme	drømme
klo	to
stiv	pakkbodliv
klippehule	skjule
vånde	tilhånde
blomsterskjød	glød
neser	bleser
dag	jag
lider	skrider
stakler	mirakler
varm	folkelarm
berede	lede
slører	hører
frø	sjø
brøde	bøde
strime	stime
sne	bre
draker	aker
stråle	måle
slipper	klipper
rommet	bølgeskummet
sverd	romerferd
forvirret	stirret
skjød	lød
bratte	skratte
sønnen	bønnen
brann	kan
trønder-heder	steder
hevet	vevet
grunnen	munnen
slitt	kreditt
mester	korsfester
hyrdestav	gav
inne	forsvinne
due	skue
strever	lever
ombord	för
snor	ombord
mørk	dørk
sprekk	vekk
hjerte	lærte
gi	forbi
rabber	krabber
troner	granittregioner
rast	hast
betvinge	bringe
rad	blad
beror	ord
stirrer	svirrer
norskhetslære	sfære
står	formår
danserinner	finner
fot	imot
ferd	verd
harv	tarv
ut	fut
siste	kiste
byen	skyen
dag	nag
iver	perspektiver
kveld	Fortell
kalle	alle
gjest	fest
stemmer	gjemmer
ifjor	gror
skjær	hær
guddomsstemme	glemme
slitt	sitt
tenkning	forsenkning
hengsler	stengsler
vakt	prakt
stande	panne
gjetning	fletning
broer	beboer
spor	stor
saft	haft
eier	kongeveier
bedrøvet	løvet
forferde	herde
farten	Svarten
lenger	flenger
parker	marker
dukker	slukker
fjelle	melde
harsellist	trist
suser	buser
slag	bedrag
gods	fots
på	rå
forvirrer	stirrer
sprede	rede
dage	plage
trelle	fortelle
bol	metropol
sæd	sped
krever	never
hav	lav
Østaskog	rov
åpenbare	fare
blikk	musikk
ruget	knuget
Kariskjær	her
på	trå
drakt	sagt
steder	streder
rålærbelte	velte
av	murstensgrav
varselsord	fjord
lange	sange
kamp	damp
rettferdig	verdig
bølgegrav	hav
østenvindskveld	hell
for	spor
speiler	steiler
bunn	tanke-grunn
skanser	lanser
apespill	vil
nord	Tor
den	gikten
fjære	lære
kremmervrimlen	himlen
få	gå
munn	lund
skal	hall
lå	vrå
fryd	lyd
Vinje	linje
æressol	stol
spredes	bredes
skor	mor
Hel	sjel
skritt	vidt
sort	gjort
millioner	kroner
larmen	armen
dal	sal
romsdalsk	falsk
larmen	varmen
død	kjød
trykke	lykke
skrev	drev
befaler	taler
ingengang	sang
stund	hun
sommersti	hi
kongetroner	kroner
vel	selv
skremme	hjemme
nød	kjød
munner	lunder
skremme	glemme
skrall	tall
stol	sol
gå	så
slagg	ragg
finne	Slinde
vendt	spent
oksestall	buksefall
mann	an
mot	helsebot
briste	visste
lokomotiv	Bliv
lag	kirketag
inn	trinn
manne-fall	tall
myre	Dyre
overalt	kalt
berører	fører
pult	fullt
råde	gåde
vendt	betendt
tilsjøs	bøss
skjenke	krenke
dansen	sansen
slott	drott
hård	vår
stimulanser	skanser
leiren	seiren
alene	ene
skjedde	snedde
jakken	nakken
skjønn	sønn
industri	bryderi
rygg	skyskraperbygg
banken	tanken
bakker	snakker
likedan	stand
henter	instrumenter
tilende	brenne
grått	blått
prale	løvehale
grua	stua
bjelle	felle
løfter	grøfter
pøl	brøl
nåde	våde
hans	dans
ikke	skikke
kimer	timer
opp	askeladd-tropp
lønn	søstersønn
dag	bedrag
rim	kim
drev	rev
fattigkassen	murstensmassen
blankt	rankt
luft	blomsterduft
vegge	legge
forutsagt	overmakt
dyreham	bram
ungen	utsprungen
snakk	takk
snur	ur
snegle-arten	farten
avindskjold	Gyrisvoll
vals	hals
forsvinner	minner
rensker	mennesker
lytte	knytte
glødet	ødet
på	få
igjen	penn
skoler	symboler
minne	tvinne
tål	mål
forbi	trylleri
av	lav
manerer	regjerer
flukt	...
klinge	springe
brygg	skyskraperbygg
glad	strålebad
blomsterflor	gror
flakse	akse
brenne	elende
glider	rider
spy	by
redningsmann	brann
nær	Enhver
penn	hen
nytes	brytes
gjest	tilhest
makt	forakt
skingrer	fingrer
masker	vasker
trell	gjeld
skriker	riker
garantier	vier
blod	lot
lå	forstå
for	mor
seildugssekken	snekken
ropen	hopen
skygge	bygge
sår	spår
ord	ror
serker	bjerker
minne	tinde
fornam	skam
gla	da
opprørsleder	dere
kar'n	garn
dverg	berg
stilt	vilt
første	oljetørste
herefter	krefter
lik	skrik
din	...
makt	trakt
snegler	steiler
trapesen	vesen
med	sved
ynde	brynde
bedraget	jaget
elven	skjelven
kristenhet	kjærlighet
klar	skar
går	hår
rygg	trygg
sprog	dog
sår	kår
kledsel	redsel
lunde	grunne
eier	veier
ned	fjed
dag	kirketag
forneden	reden
narrefest	pest
sjøl	kjøl
lo	blod
spor	kongestor
tunge	unge
møtte	blødte
smake	hake
røvet	løvet
dagen	kragen
lengte	stengte
sikt	dikt
narrestaven	paven
tordner	ordner
klokkeslett	sett
roser	oser
hente	kjente
skrekk	frekk
røs	fjøs
bier	befrier
hagen	dagen
gravgårds-tuer	skuer
bange	slange
hær	gevær
ifjor	stor
ro	avgrunnsbro
leke	veke
fabrikk	blikk
potteskår	vår
klokker	lokker
pels	gjelds
gny	gry
skjær	svær
Hydneshaugen	draugen
skjuler	fugler
godt	stjerneblått
vekt	slaveslekt
byen	kullstøvskyen
nøtt	støtt
hær	dødningklær
forsvares	bevares
ingen	klingen
ruiner	piner
truet	nuet
krone	trone
spenner	sender
var	skar
gresset	nesset
forlot	fot
sådd	lodd
svermeri	forbi
drømmer	svømmer
menneskestimlen	himlen
land	an
rik	flik
ned	sted
smerte	hjerte
fjord	bor
se	kafé
strime	time
ærer	bærer
klar	fotefar
vinne	minne
program	ham
granelunden	blunden
sans	vanns
om	rom
plager	forjager
full	ull
gruset	huset
bar	har
sist	bjørkekvist
betvang	lang
er	især
død	brød
kime	time
haster	kaster
sang	solnedgang
stykker	småstadsnykker
fett	rett
englebud	Gud
to	forstod
omkring	måkeving
kinner	rinner
nær	her
nord	stor
nød	brød
piler	biler
klynken	hjerteynken
brenner	ender
er	trær
bølgebrus	drømmehus
gudeslott	spott
myr	bestyr
grus	mus
buk	bruk
forskrekkes	vekkes
tønner	lønner
halmen	salmen
verk	sterk
trelle	velde
felt	elt
oppgangen	sangen
tvinne	vinde
var	fotefar
tilbage	adventsdage
vende	kanhende
sval	dal
kunst	dunst
tinder	svinner
båret	året
sekunder	blunder
nesten	resten
treffer	bjeffer
rygg	brygg
høye	møye
spørger	sørger
sonet	kronet
furuflis	vis
glemmer	fornemmer
regnebrett	nett
ryste	kryste
våte	måte
henne	blende
vind	blind
hodeskalle	kalle
felt	telt
porer	sporer
satt	betatt
skynder	mynder
trett	hett
fornøyet	øyet
lenkes	senkes
dage	klage
skapelse	fortapelse
skjer	ser
skride	stride
kvass	pass
horn	korn
kommunist	sist
synger	slynger
kveld	skjel
lyser	fryser
rakt	lagt
tale	dvale
hus	tankesus
blinke	minke
skjul	jul
nær	er
ganen	tranen
hermelin	vin
pryd	syd
kjenne	hende
alterbord	ord
kapiteler	blomstersjeler
tunger	lunger
kjærlighed	derved
slagg	flagg
kveld	hotell
seiler	steiler
gjære	lære
ned	skred
bølgespill	til
julekveld	hell
skarlagen	klagen
stjerner	fjerner
breder	betreder
fjerne	fødsels-stjerne
solen	kjolen
tanker	anker
svaler	daler
bror	naglebor
sår	får
harme	varme
finnes	vinnes
glass	palass
sikker	slikker
gang	avskjedssang
seier	veier
tilbake	rake
ildnes	mildnes
øyet	pløyet
stav	av
sydvesten	blesten
bål	skål
bris	dis
forstå	gå
fred	led
flott	slått
mann	vinterland
inne	finne
blek	svek
brød	kjød
hull	gull
fattigdom	kom
når	gård
røve	prøve
søm	strøm
skanser	danser
om	bom
tofte	ofte
trikk	skikk
grunnen	bunnen
brenner	tenner
Bolt	graneholt
havet	kravet
bror	bord
a	sa
stjerner	kaserner
flekk	vekk
vrider	svider
luft	tåkeluft
hus	rus
sjelegrunnen	bunnen
staden	gaten
hvilen	kilen
årene	fårene
nei	deg
skanser	bekranser
fatt	forlatt
truer	skuer
graver	haver
skog	slog
stopp	kropp
laget	bedaget
være	Staats-affære
arv	harv
dagen	betagen
skrammer	kammer
vell	skjell
piker	beriker
lend	svenn
hellen	kvelden
farer	kristenskarer
mil	tvil
plagen	dagen
frukt	lukt
makt	brakt
på-ferde	herde
brøst	røst
snert	hvert
lek	prek
hede	glede
inn	kinn
unge	runge
stavnen	folkefavnen
tungt	ungt
bror	hedningjord
trolig	urolig
vektere	forfektere
føde	bløde
verdensby	sky
gå	stå
vakt	sagt
velkommen	trommen
glede	rede
lider	glider
stunden	funnen
kamp	ramp
sanger	bueganger
rase	oase
kare	svare
enevelde	gjelde
bier	melodier
sendt	kjent
sankthans	's
kjerte	hjerte
sympati	forbi
hjertet	smertet
stjerner	hjerner
få	forstå
mystikk	skikk
vilt	spilt
gløder	jøder
igjen	spenn
skuter	tuter
brøden	døden
rør	før
nett	rett
tvil	hvil
tale	husvale
stund	offerlund
i	fri
salmer	palmer
tam	skam
kjær	der
fløtes	møtes
filler	griller
krans	sankthans
slår	gård
glid	splid
sankthans	brudekrans
sover	derover
stekket	gjekket
drøm	strøm
funnet	rundet
frakt	forakt
Rolland	sang
bønn	sønn
kåret	skåret
kanter	diamanter
høye	øyet
dale	tale
ben	pen
distrikt	plikt
bekranse	danse
bred	sne
Totakvann	strand
idag	jag
inn	eventyr-sinn
trå	så
makter	fakter
stiv	liv
klager	jager
ditt	ritt
..	minne
symbol	herskerstol
blikk	leskedrikk
Magnor	sangkor
drives	gives
arm	gatelarm
døre	føre
retter	sletter
landliggedag	lag
ladestedsrevyer	tollbodsrevenyer
terrasser	palasser
mage	lage
høster	trøster
stumme	grumme
kverner	strandblomststjerner
kjenner	venner
tenke	lenke
pannen	sanden
lidt	blidt
snor	gror
ravneunger	tunger
bringer	finger
bar	par
bulder	skulder
sprang	...
røk	besøk
inn	ørnesinn
rene	scene
lett	trett
grener	stener
slører	ører
føtter	røtter
jakt	pakt
spott	drott
svak	smak
sprang	trang
opplukke	slukke
kolde	beholde
dra	bra
visste	kiste
funkler	fordunkler
vis	pris
isse	risse
kjoler	symboler
kongerike	like
havet	kave
ben	tanker
spøker	søker
less	Stokmarknes
flytter	lytter
dun	skittenbrun
uforsagt	helsens-makt
gledesbål	mål
underfull	gull
vern	jern
kvinnen	vinden
roret	ordet
tett	spredt
klage	plage
ravn	savn
ingenlunde	grunne
grense	intense
stillet	spillet
fler	trer
trær	vær
derinn	trinn
ski	li
hutrer	putrer
han	vann
skinn	sinn
kilder	stiller
dommer	sjel
grunn	lund
godt	fått
sofisteri	praleri
grett	rett
sne	se
lik	korpeskrik
smertensmare	skare
larm	karm
i	li
sperr	kjempetrær
stier	befrier
bære	ere
avenyer	byer
blomsterskudd	overskudd
sår	slår
ferjemannshyre	Dyre
is	pris
glugger	vugger
list	frist
støy	tøy
plogen	skogen
stell	Desemberkveld
kvinne-verk	sterk
bod	stod
strekke	dekke
kjærlighet	villighet
vakt	drakt
forskrekket	dekket
dissonanser	lanser
imot	rot
stige	skrige
skikk	blikk
stål	mål
rosenskjær	rær
støy	drøy
kveld	fjell
kjøkkengang	klang
buer	skuer
fargesans	brudekrans
luen	skuen
urørt	brønnen
gull	rull
går	år
spreder	freder
rase	grimase
minne	rinne
liv	driv
Niirenbergerstykke	lykke
skatt	sommernatt
kraft	raft
Helena	Kartagena
senker	krenker
Har	forsvar
glemte	klemte
spare	fare
dømmesans	glans
kjær	nær
ve	opstandelse
havn	favn
kjemperad	bad
minne	...
skaptes	fortaptes
drammer	rammer
gang	Nang
sett	spredt
én	sten
giftgass-ekspert	hvert
ravneunger	lunger
maner	faner
herredom	folketom
steds	kreds
kveld	farvel
tale	gale
damp	svamp
hegne	vegne
luer	gruer
tåke	åket
det	fred
stenger	trenger
hemlighet	evighet
skjuler	smuler
tordensky	gny
varmen	armen
kruset	huset
vår	forstår
på	strå
fjottet	spottet
vill	spill
flammer	jammer
stolt	Bolt
ordre	befordre
fredet	kvedet
dag	bølgeslag
tosken	Mosken
vakt	lagt
vover	lover
eier	Dreier
fremstige	rike
vendt	sendt
skole	stole
topp	stopp
frem	hvilehjem
feller	overvelder
var	par
stigen	higen
brisk	pisk
vet	ubønnhørlighet
grav	hav
bleser	leser
forestår	går
jog	...
ett	et
borde	fjorde
en	pen
går	forstår
syder	dyder
god	overflod
nekter	forfekter
hvisler	tidsler
myr	kyr
prakt	tilbakelagt
herute	tute
bære	ære
klinger	tvinger
dreng	eng
from	flom
forskutt	minutt
fot	blod
skritt	ritt
gigant	fant
behager	drager
venter	prenter
kår	år
målet	bestrålet
proklamerer	sjenerer
gatelek	tappenstrek
graver	raver
vande	sanne
oppdaget	sky-laget
noe	goe
livet	givet
bakker	akker
bliv	kiv
avskjedssang	bladehang
herskerinne	kvinne
bøyes	nøyes
lengtes	senktes
bryn	blomstersyn
selverkjenner	hender
fariseer	Nasareer
tro	bro
inn	solskinnsvind
hodet	blodet
benkerader	stolestader
stanse	danse
seier	eier
mandolin	violin
lek	blek
gategutt	tilslutt
svar	klar
mat	fat
tverr	er
med	ed
inn	min
seiers-smykke	lykke
bytte	beskytte
verker	lerker
bom	tom
gang	hang
atter	latter
stum	sum
dine	mine
inn	stinn
stans	dans
mark	hark
drøm	gledesstrøm
sirenesang	tvang
hvile	tvile
kipper	klipper
klippevegg	egg
imot	birkerot
ville	silde
tegner	segner
bryggen	Nesoddryggen
imot	bot
fjelebod	blod
gjess	gress
var	rar
lyster	ryster
plogen	går
av	sa
morer	matadorer
snor	stor
vunnet	grunnen
rokke	forlokke
savnet	navnet
sommer	kommer
rinner	forsvinner
tror	stor
vinge	springe
tyranni	befri
brammer	kammer
krenget	uværs-henget
rå	så
binder	finner
døye	øye
skingrer	klingrer
standart	bevart
grått	brått
drakt	prakt
dravat	stat
vi	forbi
viet	sceneriet
runden	munnen
fortryllelse	omhyllelse
bøyet	øyet
fange	sange
fordømte	drømte
bruse	huse
breder	streder
rørte	hørte
naturen	sturen
dage	lage
opp	knopp
derved	med
fyller	hyller
veninder	forvinner
nubber	stubber
tåreskjelv	fengselshvelv
støyer	bøyer
stund	rund
forrådskamre	jamre
pretorer	snorer
Flake	make
handling	forvandling
baste	filisterkaste
tøve	prøve
le	se
telt	helt
ørkensand	kildevann
nær	især
kirkesti	forbi
forresten	blesten
hullet	rulle
hedenold	gold
trave	have
hegg	skjegg
bok	krok
skog	...
gå	må
ranke	tanke
hedningeby	kry
projekt	vekt
filler	sviller
øre	føre
mot	lot
yrer	oljekleshyrer
nær	trær
hullt	fullt
hjem	Jerusalem
sjele	mæle
vang	trang
lande	strande
fuglekor	blomsterflor
vunne	svunne
drøm	tonestrøm
sprøyt	støyt
vintersky	ly
gled	sted
tak	vrak
blek	vek
rekker	strekker
solmorgenstund	munn
grunn	hund
best	prest
best	forstå
barne-munn	lund
ingen	Storebingen
frost	grensepost
dag	sag
fjell	gjeld
lueskrift	bedrift
finner	blinder
hundevær	Bikjeskjær
sfære	være
på	Vå
strevet	bevet
Å	må
lys	frys
metall	hall
suveren	sten
frels	dovenpels
bryggen	ryggen
klokkeklemt	glemt
tanker	vanker
den	men
mistet	listet
mus	krus
pest	blest
port	bort
troner	millioner
Arimathea	Galilea
himmel	stimmel
ombord	ror
grunner	stunder
admiral-fregatt	Kattegat
gjemme	stemme
tukt	smukt
ord	mord
vest	yppersteprest
ætt	tett
hammerslag	kranselag
evne	frihets-stevne
egner	bregner
sammen	tamme
prammer	flammer
skjær	her
spretter	netter
be	tre
løyhet	høyhet
blund	morgenstund
sus	hus
baner	aner
sprang	lang
vendes	tennes
Bergenstrakten	takten
bergkrystall	hall
bok	klok
henrykke	lykke
hånd	høvdingånd
tildøde	bløde
munner	lunde
muld	gull
henter	prenter
kvinner	rinner
plikter	svikter
bjelle	fjelle
senker	tenker
eie	leie
bjelkehall	fall
meier	feier
jubellyd	fryd
fjellmorbusk	dusk
spill	dertil
bak	svak
vink	brink
vende	blende
strandet	landet
beskjermer	svermer
svarer	snarer
partisaner	maner
hildes	spilles
miner	hviner
smil	arbeidshvil
bevarer	svarer
god	stod
ned	se
kratt	matt
lille	spille
forsagt	ammevakt
faste	kaste
bære	fjære
bed	med
merkestang	sprang
symbol	sol
gro	blod
dødningbåren	tåren
kvinner	skinner
sist	kvist
Sanktehans	brudekrans
dag	folkeslag
mylder	hyller
fall	hall
dessverre	herre
trall	tall
sekretariatet	prate
helligånd	hånd
fred	fjed
sone	trone
ballen	Halden
meteorer	porer
stenges	flenges
skummet	rommet
synger	klynger
smertestønn	sønn
matadorer	sporer
henges	flenges
solmorgenrøden	døden
frede	lede
friste	siste
ile	pile
måneskinn	nordenvind
våte	gråte
meteorer	rokkelorer
bedrage	jage
strand	fiskevann
bister	minister
kor	mor
skare	fanfare
tuer	buer
ned	gled
lett	nett
glemmes	fremmes
stav	hav
ly	gry
ratt	hatt
sommer	dommer
sang	fang
gang	tang
svermeri	fri
forener	tjener
gjester	kjøkemester
sølvinnlagt	høytidsdrakt
senket	krenket
land	frelser-mann
murstensgård	hård
stirrer	klirrer
ti	forbi
skarer	forsvarer
vant	hjerter
svøpe	støpe
briste	friste
skuler	huler
fred	sted
glede	brede
erfarer	sparer
kviden	viden
brystet	lystet
formerer	regjerer
lend	venn
født	dødt
strand	brann
gjester	korsfester
knapp	lapp
ille	silde
daler	maler
soldat	skatt
strekk	sekk
's	brudekrans
skift	drift
vold	koll
mening	forstening
lo	forstod
bølgegang	hang
sang	vingefang
stans	Sanktehans
hjertesår	gård
offersted	med
bryllupsgilde	silde
sang	trang
storadmiral	befal
ante	mante
derhenne	kjenne
flokk	klippeblokk
itu	hu
regnvannsrenner	hender
lenger	slenger
svar	manovar
Ham	skam
vinde	binne
slingrer	klingrer
ruter	luter
fordrevet	revet
av	gjerdestav
slags	straks
hører	fører
kom	dom
dag	flag
eldes	felles
lilje	vilje
Velg	flammesvelg
ham	skam
hjerne	fjerne
naturen	muren
forklare	skare
gleder	treder
bede	trede
gave	have
tide	lide
beber	trofer
rik	vik
narrespill	til
grønne	skjønne
gård	vår
skygge	brygge
skal	tall
ut	lut
kratt	natt
kjøre	døre
saksen	Dagligdagsen
kvarter	ser
mer	ser
attrå	så
gårde	hårde
tilfreds	krets
eneste	beneste
bein	smergelslipestein
kobberskjold	gold
fregatt	Kattegat
under	vunder
menn	den
ditt	mareritt
vakker	blomsterbakker
røk	føk
alene	stene
tale	brutale
nesen	vesen
glitret	sitret
høst	bryst
henter	renter
karriére	snakke
fugl	skjul
slagne	bedragne
vinds	tilsinns
falanger	sanger
mangler	rangler
ånden	Folgefonnen
sne	med
vill	ild
flamme	lamme
rav	hav
bevet	svevet
tager	jager
båser	åser
bønner	sønner
seng	kløvereng
fred	skred
tid	vi
skuer	druer
mur	tur
flaker	raker
strenger	trenger
vokter	tokter
ende	frende
like	tillike
heste	feste
kvinne	noensinne
hånd	fiskerånd
grunn	barnemunn
fakler	tabernakler
det	smerte
tøyer	bøyer
original	fatal
vender	tenner
tross	oss
eie	veie
trommer	del
komme	tomme
ingensinne	finne
sorgen	morgen
svenn	embedsmenn
såret	håret
krykker	stykker
smul	fugl
rest	protest
skritt	titt
fjær	hær
sang	klokkeklang
gå	hyttevrå
ikveld	bagatell
nær	skjær
land	vandringsmann
lunde	blomstermunne
støvet	bedrøvet
vin	din
hyllende	fyllende
stryker	fyker
romantikk	blikk
forfekte	fornekte
fjerner	kverner
bor	flor
får	går
navn	gavn
kongehaller	krystaller
fortøyde	løyde
bord	stor
slo	dro
mester	gjester
stikken	studenter-fabrikken
lå	lyseblå
ven	igjen
drømt	skrømt
hevner	revner
vår-flom-tiden	siden
snert	giftgass-ekspert
små	forstå
hel	ihjel
sprengt	stengt
derifra	ha
klokker	tråkker
godt	flott
sår	står
betynget	klynget
liv	kiv
gal	sval
skjelve	hvelve
satt	att
kalt	alt
dekt	vekt
flom	helligdom
ja	ha
frelsesdag	åndedrag
sang	slang
gått	kott
sprenger	henger
bare	bevare
avsted	fred
flo	gro
skapelse	forgapelse
rett	beredt
kvinner	spinner
gavn	savn
flokk	fnokk
kvad	blad
blå	strå
gudinner	finner
stokker	flokker
just	Sallust
vinne	skinnet
kvide	stride
slep	rep
akkord	Ford
grunn	blund
tankefull	Bull
legedom	Rom
hesten	resten
breder	beder
fordølger	forfølger
vrede	lede
buer	druer
rike	himmelriker
klipper	tripper
kluter	tuter
det	bade
glippe	klippe
sanne	forbanne
bak	blak
skuer	duer
sunn	odelsgrunn
flyver	klyver
gang	rang
stemmer	fornemmer
skatten	natten
fall	stall
sverd	verd
lønner	sønner
sympati	harmoni
lik	snik
sner	skjer
morgenrøden	døden
løver	behøver
sang	sprang
sjel	vell
vet	rettferdighet
lyster	kryster
blærer	gjærer
klippen	trippen
bedraget	plaget
mann	slåpetornstrand
mylder	gyller
tent	endt
retning	gjetning
bygges	betrygges
forsvinner	spinner
hyss	kyss
lindrer	tindrer
kysset	krysset
jevne	evne
spredte	dette
vadested	fjed
bakke	nakke
fil	vil
sonde	vånde
sløres	høres
ei	alfarveg
slott	yacht
galgetre	se
gikk	skikk
hegn	egn
vover	ovenover
lur	bur
først	størst
grense	kredense
viker	drømmeriker
sjelerot	fot
nord	gror
skum	krum
blod	overflod
krav	stav
lunefull	gull
skritt	mareritt
hjemme	fremme
gått	godt
skimtet	glimtet
sløves	overdøves
selv	fortell
stirrer	dirrer
peser	hveser
funnet	begrunnet
grå-stens-mosen	bekke-osen
ofte	skofte
eie	pleie
visste	siste
resten	vesten
forgå	strå
ferdig	verdig
snerrer	herrer
siden	tiden
kvinnen	forinnen
vang	sirenesang
tro	jord
rosenbedet	stedet
støvet	løvet
stillhet	villhet
taler	daler
kleggen	veggen
mann	kildevann
som	ensom
makt	menneskedrakt
rynke	synke
bød	skjød
kval	sal
vrede	rede
står	foreslår
nede	glede
ferdig	iherdig
laser	fraser
skrevet	hevet
halm	malm
falme	kvalme
gule-blå	på
morgenrøde	grøde
verkstedbråket	åket
er	besvær
stanser	panser
brott	stått
bar	skar
kvide	tilside
glid	strid
strenger	gatedrenger
sandet	annet
verden	forhærden
drevet	skrevet
till	spill
fremtrede	glede
stokk	kirkeflokk
le	med
nord	Eginafjord
bør	før
skjendet	blendet
gnis	Moskvais
grå	så
spor	mor
bær	kjerr
fortidsstat	hat
hjernespinn	inn
hvisk	brisk
hever	bever
Amen	tamme
båren	utkåren
bind	herinn
iler	hviler
juletre	med
morgenvind	tankespinn
hammen	sammen
slitt	skritt
tittet	bronsestakittet
dør	før
tikker	stikker
våken	tåken
drakt	pakt
stund	kun
tro	himmelbro
bølgerygg	trygg
blunde	vunde
dekokter	tokter
runde	grunne
ringe	bringe
trykker	småstadsnykker
grue	stue
fedre	bedre
byrde	hyrde
vest	hest
edderkopp	topp
iblandt	bandt
bar	fotefar
fornøden	døden
sist	pist
på'n	skrå'n
styre	Dyre
selv	skjell
lange	bange
jord	ror
vet	profet
svor	ord
derav	gav
begynnende	nynnende
naturen	...
sæden	herneden
hatter	skatter
ei	deg
slaget	laget
god	sko
ende	kjenne
prammer	rammer
inne	rinne
nærte	lærte
vår	hår
heller	kvelder
lang	trang
bale	brutale
der	hær
kammer	rammer
Å	blaå
lodden	skodden
derinne	tinde
bispen	tispen
en	rennesten
råd	heltedåd
gang	solnedgang
blander	panner
tale	idealet
spenner	hender
skulderband	hand
gledeskilder	stjernebilder
bitter	splitter
tunger	fugle-unger
fred	bever
sover	ovenover
jern	Komintern
forsmektet	fornektet
penger	enger
kjød	skjød
sykt	stygt
gjerne	verne
priset	beviset
krenker	lenker
skikken	trafikken
våren	gården
bølgebrus	hus
sild	spill
nervøs	charmeuse
melodi	forbi
ende	hende
måke	våke
ødegård	hår
inn	din
derpå	så
død	forbrød
tårne	bårne
småmakrell	sprell
riket	pike
berømte	drømte
ånden	hånden
bær	hær
Viumsåsen	båsen
tinderad	bad
skjær	trær
bånd	ånd
nød	forbrød
flommer	vesteråls-sommer
ned	med
tid	hit
skjenker	plankebenker
preker	leker
overbord	ord
røs	løs
Spanien	kastanjen
fjerne	kaserne
krøp	løp
glad	bra
nord	spor
visste	triste
yppersteprest	rest
regnet	egnet
fatt	skatt
solefall	pall
beklemt	slemt
hornmusikk	blikk
feller	gjelder
når	forgå
brant	fant
strid	rid
tanker	banker
strømme	drømme
lengsel	fengsel
kamerater	attentater
ny	gny
stedse	kretse
kår	vår
gleder	seder
stuss	bluss
glør	før
verdensbetvinger	vinger
spær	der
merket	verket
skritt	blidt
salongen	sesongen
forlot	bot
rammer	seildugshammer
ment	sent
pels	fjells
hyener	stener
eierett	ætt
just	åndepust
brave	have
seierssang	vang
ferde	ære
passe	vindusglasset
kløfter	løfter
fjære	hære
krasst	brast
slag	solskinsdag
vinning	tinning
brenner	strender
ned	elvebredd
selv	grensefjell
gjøglergevandt	drabant
bukten	flukten
violett	skvett
natur	ur
blod	stod
spare	snare
aftenglød	støt
dagligdagse	sakse
ømme	dømme
skyller	hyller
Røst	øst
elskovslist	hist
sti	trylleri
satt	hat
omspenner	stender
diekryst	bryst
gård	år
glemme	tordenstemme
sort	fort
alterbord	gror
minne	binne
kun	klippegrunn
Vestersalt	falt
slitt	profitt
syngen	lyngen
pannen	mannen
blå	tå
vinde	blinde
knekket	forskrekket
tommer	sommer
kongestav	av
stanser	danser
melodier	befrier
steder	breder
belæring	gjæring
sluser	bruser
knatten	natten
var	tsar
fukter	produkter
eksempler	stempler
frem	Jerusalem
brud	Gud
kjær	her
lover	derover
strengeleik	eik
tollbodsrevenyer	mannaskyer
søker	øker
napp	glapp
fanfarer	svarer
vind	sinn
kvinne	vinde
forglemt	gjemt
fjern	jern
ære	sfære
fart	kart
været	skjæret
nelde	velde
skjult	forfulgt
dele	bestjele
tinder	finner
individer	tider
dalen	halen
kveld	fjeld
rørt	hørt
løv	støv
land	Sand
finger	omringer
rosen	losen
ber	skjer
ja	bra
frø	ø
ville	forsilde
kveld	hell
tak	brak
strålespeil	seil
igår	skår
miner	rabbiner
forandret	vandret
gror	jord
skrål	mål
stenger	henger
evighetsdag	bølgeslag
gamling	forsamling
stjerne	gjerne
stand	rand
lyd	spyd
bære	svære
satt	godnatt
best	protest
fetter	skvetter
land	tyrann
skabningsstigen	higen
kiv	kunster
kjær	er
varde	barde
idag	søndenvindsdrag
sokneskare	klare
krevet	skrevet
kue	true
brott	godt
skam	slam
bølges	følges
gatestøv	løv
lærer	begjærer
skog	jog
felle	melde
vet	kristenhet
skatter	bratte
tviler	smiler
stene	ense
trelleslekt	vekt
kne	tre
dag	hyttetak
falt	alt
kloakk	gudskjetakk
støy	fløy
fuglefjell	kveld
river	forbliver
bære	være
overalt	gjaldt
svinge	tinge
sekker	dekker
føde	gløde
trangt	langt
såre	innen-fore
folkeskarer	farer
skog	plog
hjem	rem
drømmen	strømmen
natur	mur
spær	hær
hver	der
kvede	glede
fletter	fortetter
møtes	bøtes
sans	solskinnsglans
selv	skjelv
morgensky	fødeby
pløye	øye
stand	brann
skjende	elende
blåsten	frosten
skrammer	brammer
sønderrevet	skrevet
fugl	hul
hæler	knele
gå	bestå
slingrer	fingrer
slette	hette
kåret	håret
svenne	elende
opp	bjørketopp
hang	lang
runding	munning
se	avste
sammen	alterflammen
vane	svane
på	hunger-grå
purpurkjol	sol
gleder	folkeleikskjeder
deler	hele
krystall	fall
kongeskrud	gud
kjede	glede
benk	skjenk
kirkevollen	holden
hære	være
synder	hynder
kokt	tokt
brenner	spenner
om	dom
instrumenter	prenter
telter	helter
med	ensomhet
miskunne	tilgrunne
skogen	nogen
virrer	stirrer
sløvet	løvet
foss	koloss
grus	hus
rekke	lekke
mø	sjø
forlises	bevises
sne	skje
samme	stamme
rik	svik
skyen	...
høvedsmann	trelleland
helte	styrkebelte
for	jord
kring	engleving
stråleflor	stor
bud	hud
lider	rider
nå	du
kunde	vunde
om	Rom
vel	ikveld
bale	idealet
vel	bagatell
tanker	ranker
varmen	barmen
forvandles	handles
stod	flod
skjenker	tenker
magneten	profeten
kummer	slummer
dvele	besjele
tak	mak
forårsvinne	tempeltinde
gategutt	lutt
bestandighet	evighet
trygd	bygd
tidstrompeten	profeten
våpengny	ny
ting	ving
murstensgrav	lav
sky	bly
praler	kvaler
kness	press
hernede	rede
ringe	jettebringe
bror	bor
gård	mår
kvikt	plikt
puddelhund	bunn
hår	foreslår
harme	forbarme
idag	fiskerlag
drømt	fordømt
himlen	vrimlen
randt	forsvandt
trampet	stampet
slutte	prutte
snakk	tobakk
sår	gård
går	formår
helt	meldt
harnisk	grisk
dem	ungdoms-hjem
første	tørste
strenge	fortrenge
slippe	klippe
strålebrem	hjem
sinn	min
brutale	idealet
stall	hall
luer	kuer
gjærer	kimærer
en	korstog-ren
grunn	...
helligbrøde	øde
hjerteluer	skuer
mager	dager
frender	stender
sikter	dikter
stjerner	verner
Bugge-Hans	dans
vike	kongerike
soldat	lat
ned	arbeidsfred
Knut	stut
gro	forstod
lys	bys
stengsel	fengsel
sans	glans
blomst	bekomst
vinge	klinge
sitrer	knitrer
gang	forårssang
røre	føre
tanger	slanger
vårt	kort
se	frelsesarmé
vingeslag	jag
står	får
finger	springer
vollen	tollen
Eden	reden
ryktet	flyktet
juvel	sjel
sunne	munne
skjær	lær
vakt	pakt
land	mann
fot	rot
kjempe	lempe
snegler	seiler
briste	siste
frokostbordet	ordet
månegull	full
prikke	ikke
by	fly
kratt	forlatt
forsagt	makt
melet	stjele
besvart	klart
gull	tryllerull
Sønderslitt	blitt
inn	avgrundsskinn
jakt	forakt
evigheten	uendeligheten
gjemme	klemme
akkord	bord
godt	drott
beveget	meget
berede	brede
finne	tinde
lend	vandringsmenn
ring	ting
mild	fargespill
sanker	anker
fossevellet	fjellet
bylder	fyller
i	energi
luner	basuner
skrammer	stammer
fryktet	styrket
bange	gange
trykt	kløkt
fjær	vær
derpå	stå
gulv	Ulv
gjetter	letter
glans	herskerkrans
drikk	blikk
spiller	skiller
øst	røst
vår	år
Knut	nut
bro	munke-tro
svevet	hevet
stille	grille
munn	grunn
opal	dal
greiner	aleine
døde	grøde
røst	trøst
ro	jo
hjerteluer	buer
med	tre
minnet	måneskinnet
skoger	sloger
fjord	stor
prestene	restene
følge	bølge
matadorer	porer
forvirrer	klirrer
kyst	lyst
Redselsslagne	betagne
sitt	vidt
likferdsskrud	Gud
ille	forsilde
Wergelands-rid	vi
mektig	prektig
målet	bålet
nær	besvær
trykke	Niirenbergerstykke
stav	grav
derinne	rinne
glød	skjød
brønn	sønn
meg	Nei
argumenter	pergamenter
mjød	glød
spill	vil
fakler	mirakler
klippemur	kontur
stiller	skiller
dyresteeie	veie
april	vil
makt	ødelagt
stavn	favn
engang	lang
heggen	kleggen
marmorflater	gater
kulelager	dager
blundet	funnet
hendt	dødssakrament
flammen	sammen
falt	salt
kvinneskrik	slik
gynget	sorgbetynget
tørn	sognebørn
kvast	øyekast
stender	vender
sanser	skanser
elende	hende
mannhaftig	kraftig
skrik	vik
breder	treder
krøp	svøp
nød	død
belte	helter
strevet	krevet
luft	duft
tone	sone
skjær	ospetrær
fremmer	stemmer
mild	til
lagt	forakt
higen	gigen
renhet	enhet
engen	sengen
skarv	tarv
sønn	grønn
spir	flir
rene	ene
iblandt	tant
kvikke	slikke
mindre	hindre
strevet	levet
boudoir	passiar
mitt	ditt
mammonkult	pult
sti	dere
miste	friste
forsvunnen	lunden
knuser	buser
forfatter	datter
timeslaget	bjelkelaget
stanser	sanser
falt	...
meg	ei
hjerte	sverte
bror	ord
norm	orm
fjellet	tonevellet
stød	bød
rører	fører
nemme	skremme
glad	høyreblad
drønn	bønn
fot	birkerot
ditinn	sinn
herberge	bjerge
fot	bot
hurra	da
marmorhimmel	skimmel
håndtering	formering
saft	kraft
flommer	kommer
legg	vegg
mål	nål
hengsler	fengsler
hinne	finne
slott	spott
slår	hår
solen	polen
ham	hender
hånden	Folgefonnen
pynt	Gynt
tunge	lunge
bisk	disk
sted	sved
stjerner	tærner
snor	spor
kold	skjold
tror	spor
nord	fjord
tukter	frukter
neven	leven
veien	bjørkeheien
likemann	Sognestrand
sommerblekt	vekt
børn	ørn
blod	sko
sår	hård
smerte	moderhjerte
moder-bryst	kyst
edderkopp	opp
plankebenker	tenker
kammer	stammer
tryllemakt	prakt
se	ve
forøker	forsøker
kinner	kvinner
sæden	allkjærligheten
bunn	klippegrunn
skral	Cheval
endt	vendt
himmelhøye	øye
tidsfordriv	kiv
morgengave	Sortehavet
miste	kiste
tog	dog
tilsidst	hist
lott	skott
lås	gås
nei	hei
avindsskjold	vold
brenner	svenner
inn	spinn
skilling	mesterjakelforestilling
is	kassevis
største	første
le	ned
tang	fang
båret	hundreåret
strand	klipperand
rov	behov
lik	tryllesvik
sparet	faret
fuglefløyt	bølgesprøyt
billedtale	male
blødt	møtt
ham	sender
straff	traff
fall	tall
vrede	trede
tromme	komme
knopper	topper
ringer	svinger
sjakt	radiotrakt
flytte	stråtakhytte
garn	skarn
klart	bevart
ud	brud
blomsterbed	kjed
eier	neier
kaster	master
lek	skrek
gror	bord
hete	væte
tvil	kil
natt	matt
minne	blinde
nett	plett
lytter	hytter
raseri	forbi
østavinden	linden
står	slår
sist	trist
gli	si
hvin	fin
sikter	svikter
herinne	minne
dypet	krypet
beven	neven
gleder	steder
nådebud	Gud
knaker	aker
spares	åpenbares
må	så
fare	krigerskare
hull	ull
vårt	bort
kompani	koloni
lyse	fryse
gjest	best
spott	blott
kommen	lommen
lyster	kyster
slavinne	kvinne
tingen	Storebingen
svar	åpenbar
gutt	tilslutt
krus	hus
bunn	lund
klinger	lansesvinger
beger	kveger
død	rød
flid	tid
Hol	sol
fot	skuer
ei	Pompei
kinn	skinn
fjær	her
sover	lover
pol	sagastol
leder	treder
ville	spille
goddag	jakkeslag
telen	sjelen
nød	rød
hus	lus
skift	skrift
sverd	ferd
ville	skille
hverdagsfenomen	mén
strenger	henger
slang	lang
tonet	kronet
taper	skaper
bragt	kongemakt
tynger	forynger
mann	sand
tro	go
grus	rus
atlet	fullkommenhet
solskinsdag	minne
brande	aftenlande
derinne	finne
taler	portaler
fut	slut
trøst	klagerøst
veier	feier
gress	etsteds
hjul	hul
ord	jord
ly	fly
strand	kan
åpenbart	klart
sydvest	prest
små	så
krabbe	huggestabbe
lett	spredt
imot	lære
makrellen	kvelden
kjær	trær
har	tar
land	solstrålebrann
gap	tap
derhen	penn
lære	være
sikte	svikte
tror	mor
sin	inn
solen	skolen
våpenlarmen	armen
bukt	slukt
lugg	pugg
hånd	Henderson
aften	møtes
fjær	er
stetse	kretse
finn	vind
ildstråleflor	mor
gang	fang
spår	år
endt	ubekjent
dyder	lyder
pund	munn
gave	brave
Gaukværøy	fløy
lønn	sønn
prøvesten	én
bo	avgrunnsbro
glatt	fatt
Krist	hist
vondt	dont
hører	kulører
farer	svarer
svaler	kvaler
syden	lyden
tent	procent
jeg	vei
bar	svar
urolig	kongebolig
spinn	blind
finne	trellebinde
vise	prise
kyr	menneskedyr
skrevet	vevet
borte	sorte
hjerne	kjerne
flaggfregatt	Kattegat
forteller	gjelder
venner	hender
eiermann	forsann
forbrenner	hender
forme	storme
stemt	glemt
rune	lune
pletten	skvetten
stille	silde
hopper	topper
høvelspån	på'n
slør	dør
regnebrett	rett
Perge	bjerge
gal	kval
dø	kø
blå	antennetråd
våren	skåren
Korsfest	fest
forsmår	går
befaler	daler
inn	lind
ånd	Henderson
melodi	fri
plages	beklages
tonerekke	dekke
gang	trang
blødt	rødt
skjær	er
vingesusning	brusning
avgrunnsbruset	huset
munnen	lunden
skrot	not
ham	slam
seier	neier
gestalt	Vestersalt
lender	forbrenner
fare	svare
armer	barmer
vinne	blinde
tårer	skjød
vise	ise
bud	Gud
bringe	svinge
lavt	kraft
lo	ro
freset	fjeset
været	fortæret
vemodsfull	gull
ned	fred
kvarter	fler
mer	fler
opp	hopp
forbi	hi
lemmer	remmer
havet	lavet
binde	finne
ånd	fonn
spart	forvart
fred	med
fanger	slanger
bra	fra
sund	lund
hvile	mile
klædebon	ånd
syrerslaget	dage
slag	lag
vendt	kjent
båret	såret
dekt	slekt
gikk	fikk
deg	hei
svever	bever
gåde	tråde
fri	selv-ironi
sletter	letter
dolk	folk
sjal	spisesal
dit	tid
herlighet	evighet
adjin	bind
tages	plages
skaren	Proletaren
fang	rang
munner	blunde
vet	villighet
sett	beredt
Krist	frist
brann	ødeland
øy	fløy
tæring	belæring
kvide	lide
ordensbånd	Henderson
bjeller	kvelder
skremme	stemme
drysser	kysser
skjendte	vente
skrek	vek
ness	press
på	bittesmå
men	menn
rømme	drømme
flyte	lyte
tanke-grunn	munn
lunden	grunnen
bukter	produkter
bas	dras
sum	rum
fortolkning	befolkning
flammemunn	stund
peiling	seiling
land	sand
kirkekor	Sillejord
kveld	vell
skopuss	opus
grav	bokstav
toner	kroner
gjekkes	vekkes
vann	kan
murstensmassen	søplekassen
tanker	menn
mén	sten
love	sove
geberde	lærde
dress	tess
ravner	navner
mil	hvil
forstandig	bestandig
vet	ned
sammenføyd	bøyd
klippering	ingenting
eventyr	gryr
kommer'n	sommer'n
fabrikker	nikker
hen	menn
stans	's
vanne	panne
henger	trenger
leder	forræder
stemmer	hemmer
åpenbaret	forklaret
panne	barne-sanne
omkring	ting
ry	by
ramme	sammen
var	svar
opp	granetopp
stammen	amen
saltet	altet
koloss	tross
rødt	støtt
ubegrenset	renset
saker	aker
Plass	trass
nød	Brød
seint	reint
glans	tindekrans
ende	brenne
hjørne	tjørne
fjelle	tjelde
når	år
prakt	marmordrakt
fril	bli
sommerkveld	fjell
huser	buser
offerbålet	skrålet
julekveld	fortell
stans	brudekrans
palmesving	ring
alene	rene
stener	forener
bunn	hund
gjekket	paddekvekket
rad	stad
leve	veve
far	snar
folkehellet	fjellet
været	ære
trikk	fabrikk
sånn	Henderson
bære	lære
steiler	peiler
rød	skjød
noe	strofer
orden	horden
ett	brett
lytt	flydd
lå	så
terning	gjerning
bliv	viv
sommerkveld	farvel
fjerner	strandblomststjerner
porte	sorte
honning	dronning
lykkes	trykkes
steder	treder
lyset	kuldegyset
brinker	hinker
sæd	stred
storskreinakken	klakken
bris	pris
flyr	dyr
kirke-vei	jeg
dikter	plikter
kveld	smell
plass	Mads
klore	foret
vindruemarker	akasieparker
tro	stod
vann	rand
ussel	blussel
ringer	englevinger
når	forstår
luer	truer
tingen	ingen
dager	fager
båret	utkåret
Når	vår
seierslønn	sønn
sang	betvang
året	håret
lapp	trapp
ildet	gildet
glad	ad
loss	kloss
julekveld	vel
står	går
svare	mare
sanne	panne
styrke	yrke
trøndersk-hedemarkisk	uinnskrenkt-monarkisk
sendt	hendt
gang	sprang
svar	lokker
framtidsdrøm	strøm
dødningklær	fosforskjær
prestinner	minner
kuleregn	halvmånetegn
frisk	fisk
salighet	evighet
seilet	speilet
hull	omkull
klirrer	svirrer
jammer	lammer
lett	tretaburett
synet	solnedgangsbrynet
stanser	lanser
befri	bi
alvorsfullt	pult
nyss	kyss
døde	jøde
bolig	rolig
forjaget	plaget
båren	våren
morgenblånen	månen
forlener	tjener
vang	milelang
hei	seg
seder	heder
signal	dal
brød	rød
grav	gav
tang	lang
ned	kildested
belæring	næring
svirrer	dirrer
såvidt	hvitt
smått	rått
fugl	hjul
briste	miste
nidingsdåd	gråt
stemme	gremme
trekker	brekker
vann	brann
landet	annet
heste	gjeste
svang	hang
stillet	seiersgildet
hverdagslam	bram
snakker	flakker
fryd	rullestenslyd
heng	eng
brukt	slukt
forstå	fest
side	kvide
kant	sant
verne	trærne
månenetter	etter
ødes	fødes
Evighøye	bøye
kjær	skjær
kvist	frist
gull	ull
smile	hvile
jubelrop	hop
svevet	levet
slører	fører
varselsord	jord
givne	stivne
best	fest
vind	måneskinn
slit	hit
sprang	underklang
stammen	sammen
bjørkestammen	sammen
drammer	stammer
pinner	minner
kjenner	tenner
storm	orm
slår	forstår
igår	står
kyst	ametyst
gaster	master
landet	forbrent
hige	stige
sinn	din
nord	ror
tvers	vers
svar	tar
bror	nord
skjønn	bønn
vei	seg
bukt	fukt
smykke	lykke
tykke	lykke
vunnet	bundet
vrede	klede
bygge	betrygge
an	vann
fund	stund
strand	Wergeland
havn	stavn
gull	Bull
skåler	måler
dømt	forsømt
døden	påskemorgenrøden
henger	gatedrenger
pakt	lagt
fjell	farvel
sund	hund
kirke	virke
skilt	stilt
klare	bevare
rein	grein
spratt	datt
råd	dåd
folk	bolk
kallet	fossefallet
gate	late
eier	bølgeleier
liv	fuglekiv
der	kjempehær
sminke	sinke
skaper-makt	lagt
strid	Madrid
overskyet	morgengryet
flat	mat
skygde	bygde
sår	forgår
ord	bord
sted	ed
ferd	oldinge-verd
faderskjød	død
lei	seg
kluss	buss
teller	hjeller
mastodonter	horisonter
en	Viken
behag	dag
jorden	norden
mett	rett
sfærer	fjærer
mæle	hele
mat	verdensstat
mus	hus
sæden	broderkjeden
fantasier	stier
det	tente
ved	sted
strekker	klipperekker
derinne	minne
regimente	brente
skyttergrav	lav
planer	aner
efemeride	vide
strid	tid
frivol	symbol
spant	kant
himmelbrygge	rygge
støp	løp
dommer	kommer
himmelørn	tørn
jøss	tilsjøs
på	gå
haster	raster
gudspalass	plass
tidt	mareritt
lem	frem
oss	tiltross
morgensky	gry
hevet	henrevet
guddomsglans	tornekrans
godt	drømmeslott
steile	feile
kalle	falle
siden	Fagerlien
hosebånd	hånd
lue	skue
vare	svare
gnist	tvist
langelek	vek
sandet	landet
verden	pilgrimsferden
lyser	gyser
beklemt	stemt
igjen	den
skrent	hendt
andres	klandres
spare'n	varen
krykker	nykker
kaldt	alt
stavn	...
vel	lell
list	brist
lin	hvin
metter	amuletter
redningsverk	sterk
gnist	frist
Ambarvalia	fra
kommunist	sosialist
fare	klare
rognekjæret	været
faste	laste
melodi	vi
dunster	liv
måtte	slottet
busk	slusk
redselsslagen	dommedagen
kristenblod	Bentsebro
tapen	skapen
kvinner	synderinner
hever	snever
bære	fugleværet
larm	barm
pastell	sommerkveld
gløde	dyreføde
stad	strålebad
drøm	søm
lang	fuglesang
mo	ro
føder	gjennomgløder
blå	nå
hånd	bånd
panser	skanser
vil	til
dårefakter	forpakter
gallions-figur	mur
ly	krigerby
Høye	øye
før	humør
gater	prater
gynge	kjempeslynge
gaper	taper
sang	lang
pleiet	eiet
verdensdommen	kommen
sett	rett
men	sten
bolig	utrolig
fattes	mattes
hun	lund
vergeløs	gjøs
velde	bjelle
ære	arvegods
hjem	hvem
valgt	alt
tvette	slette
blank	bank
fuglen	idag
gives	avlives
igjen	menn
ved	skred
brød	Brød
døde	møte
med	kne
gror	flor
katedral	kval
død	himmelbrød
luet	skuet
tilbake	stake
vinne	binde
forhindre	indre
tinder	binder
sist	forvisst
han	brann
ødegård	vår
krystall	hal
grå	istå
forsmår	kår
bredd	oversnedd
slakt	forakt
lik	frydeskrik
fiendesverd	hyklerferd
kreditt	tritt
slippe	knippe
felle	gjelde
dans	brudekrans
trette	gjette
ny	morgen-gry
kalt	salt
skjelver	elver
neet	kneet
pol	sol
flammer	seildugshammer
svar	far
sone	kongetrone
norm	form
verner	kjerner
grave	have
skinn	måneskinn
nåler	stråler
rinner	finner
masker	flasker
blod	glo
dernest	hest
tjene	ene
kyst	tyst
viet	befriet
stang	klang
heng	dreng
dal	kval
mitt	hvitt
farer	bevarer
forstøtt	ødt
vunnet	stundet
hull	full
damper	lamper
iver	motiver
på	klippekrå
hans	sans
fjellene	kveldene
plager	nager
vekst	tekst
kniv	liv
mann	stand
hai	Shanghai
svinge	tvinge
fant	sant
slokket	drukket
kveld	selv
leir	reir
sist	Krist
plan	ran
holder	folder
silketepper	stepper
vakt	makt
hytter	rytter
lunken	sunken
frukter	produkter
lys	grys
hver	her
lå	stå
aften-hvile	mile
armer	varmer
blest	best
lemmer	klemmer
stekte	lekte
frihetsrigorister	minister
kue	lue
gammel	skrammel
ant	mant
hjule-knirkeriet	stats-maskineriet
spys	månelys
hverdagslam	tam
ihop	grop
stand	kan
stille	ille
mørkekott	godt
tårer	kårer
prutningsmonn	sånn
favner	avner
ber	trer
varm	gatelarm
svermet	hermet
næringsvei	seg
Storedragen	dagen
miner	ruiner
bårer	skjød
hodeskalle	falle
huset	suse
ring	ingenting
sans	stråleglans
især	besvær
holder	boller
førte	hørte
meg	vei
bra	ha
planken	tanken
fortapte	skapte
kledt	beredt
skjorte	borte
meg	seg
motor	ror
raseri	fri
inne	blinde
beven	sveven
mann	tann
drømt	ømt
behendig	ubendig
vinden	kinnen
følger	dølger
banker	ranker
skrent	endt
leve	kreve
dø	sjø
orde	bordet
stanser	bekranser
skape	øret
spill	til
gjøde	grøde
levet	skrevet
prat	kamerat
tirader	ekeblader
skrog	våg
norm	storm
april	til
neve	kreve
jernbetong	long
rennesten	sjøgangsben
liv	viv
krav	av
drøy	fløy
ombord	jord
prent	spent
lue	bue
ihu	ennu
lærer	bærer
piggtrådkratt	vanvidsnatt
stråleflom	helligdom
strømmer	dømmer
skjule	bule
baste	faste
tørn	bjørn
planter	amaranter
Vårherre	dessverre
skrupler	kupler
hård	går
støy	høy
dvel	sjel
ren	men
varmen-	barmen
det	sne
blærer	kimærer
veier	meier
bom	rom
finner	minner
gås	kås
snekker	forskrekker
gjennombevet	levet
står	kår
dag	Prag
virken	kirken
feil	seil
enser	C.-sentenser
kanhende	kjenne
ny	sky
gave	verdenshave
ark	mark
vektere	fornektere
funn	bunn
tarv	fedrearv
farver	skarver
pater	prater
beger	askebeger
tvist	forvisst
havet	stavet
flyr	betyr
rop	hop
ruger	knuger
troner	legioner
lyse	kyse
moment	endevendt
bange	fange
ansiktsdrag	jag
borde	tilorde
mene	stene
fordunkle	funkle
banken	Franken
tvende	ende
fjelle	skjønnhets-velde
land	stand
vest	allerbest
korn	nypetorn
skvett	retrett
fane	ane
gi	i
fundere	flere
brenner	hender
bord	Nord
døpt	kjøpt
smertens-tid	til
ramme	flamme
fanger	anger
omkapp	klapp
netter	jetter
bakt	prakt
teften	kjeften
hernede	klede
bæres	æres
tatt	natt
blomsterknippe	klippe
kom	helligdom
veien	graneheien
Lethe	væte
drøm	nordlys-strøm
spyler	hyler
av	grav
har	åpenbar
danser	kranser
jubelsang	klang
blå	på
renner	finner
svaret	åpenbaret
partisaner	baner
bekranser	lanser
bjørnehud	våpenskrud
riktig	viktig
finne	minne
se	idé
forbløde	tid
forgapelse	fortapelse
jurister	seminarister
gro	ro
kry	by
slott	kott
brenner	sender
Urias	Rådhusplass
kan	forstand
milevidt	hvitt
Sanktehans	fans
kjemper	lemper
på'n	lå'n
land	Kristiansand
god	flod
sjakter	betrakter
kjerringgrin	vin
setning	fletning
vare	fare
øre	snøre
vår	formår
stier	vier
kinner	svinner
ikke	strikke
kyst	bryst
tel	Tell
ei	hei
ni	si
bodde	grodde
indre	tindre
sans	dans
nu	sous
stod	no
bål	mål
klør	dør
forretningsreise	deise
øde	grøde
beskjed	ed
Moses	roses
bød	glød
hunger	unger
vest	best
vender	bekjenner
heller	bryllupsfeller
lender	frender
Cannes	forstand
vidunder	stunder
lyst	bryst
smil	bil
hetter	netter
erstatning	statsforfatning
fane	bane
mann	iland
spir	Algir
nypegren	sten
prat	lat
seder	forleder
dale	prale
bristet	mistet
tinder	minner
blott	godt
skrent	Sorrent
tårer	bårer
bibelsted	arbeidsfred
begynner	mynder
døgnene	øynene
natt	smatt
kjenne	tenne
sno	ro
imperiet	ferie
solgte	stolte
bundet	funnet
talg	valg
stanser	stimulanser
få	stå
levne	evne
mellom-menn	hen
benkehalm	kvalm
blunder	stunder
lik	flik
tråkket	flokket
flammer	lammer
mager	fager
sider	tider
tilbake	svake
slott	godt
gru	itu
narrespill	ild
slet	evighet
mann	forstand
undre	hundre
slekter	forsmekter
Blix	krusifiks
grus	forrådshus
fjord	spor
hugg	lugg
fryser	gyser
dag	nederlag
stimulanser	panser
oss	loss
sekund	munn
holdt	koldt
ned	fortred
stod	ro
nå	gå
drives	hives
gal	sjal
dråpe	håpe
sunne	runde
violett	retrett
port	sort
stykker	parykker
dampen	hampen
gram	hoftelam
trafikk	musikk
krav	grav
fingerhatt	sommernatt
kontrakter	akter
pest	protest
døde	imøde
svinne	tinde
vakt	forakt
